n,durable_mask,r_mask,s_mask,h,selection_ok,join_ok,group_ok,full_checker_accepts,replay_ok,prefix_checkpoint_ok,checkpoint_only_ok,no_cross_ok,poison_rejected,residual_preserved,fallback_ok,producer_component_reads,cold_component_reads,checked_replay_component_reads,unacked_component_ids,cut_metadata_bytes,certificate_bytes
3,0,0,0,0,1,1,1,1,1,1,1,1,1,1,1,0,0,0,0,34,167
3,1,1,1,0,1,1,1,1,1,1,0,0,1,1,1,2,4,0,2,36,204
3,1,1,1,1,1,1,1,1,1,1,1,1,1,1,1,0,4,4,0,36,239
3,1,1,0,0,1,1,1,1,1,1,0,1,1,1,1,1,2,0,1,35,182
3,1,1,0,1,1,1,1,1,1,1,0,1,1,1,1,1,4,4,0,35,217
3,1,0,1,0,1,1,1,1,1,1,0,1,1,1,1,1,2,0,1,35,175
3,1,0,1,1,1,1,1,1,1,1,0,1,1,1,1,1,4,4,0,35,210
3,1,0,0,0,1,1,1,1,1,1,1,1,1,1,1,0,0,0,0,34,167
3,1,0,0,1,1,1,1,1,1,1,0,0,1,1,1,2,4,4,0,34,202
3,2,2,2,0,1,1,1,1,1,1,0,1,1,1,1,2,4,0,2,36,183
3,2,2,0,0,1,1,1,1,1,1,0,1,1,1,1,1,2,0,1,35,175
3,2,0,2,0,1,1,1,1,1,1,0,1,1,1,1,1,2,0,1,35,175
3,2,0,0,0,1,1,1,1,1,1,1,1,1,1,1,0,0,0,0,34,167
3,3,3,3,0,1,1,1,1,1,1,0,0,1,1,1,4,8,0,4,40,234
3,3,3,3,1,1,1,1,1,1,1,0,1,1,1,1,2,8,4,2,40,269
3,3,3,3,2,1,1,1,1,1,1,1,1,1,1,1,0,8,8,0,40,295
3,3,3,2,0,1,1,1,1,1,1,0,1,1,1,1,3,6,0,3,38,200
3,3,3,2,1,1,1,1,1,1,1,0,0,1,1,1,3,8,4,2,38,235
3,3,3,2,2,1,1,1,1,1,1,0,1,1,1,1,1,8,8,0,38,261
3,3,3,1,0,1,1,1,1,1,1,0,0,1,1,1,3,6,0,3,38,224
3,3,3,1,1,1,1,1,1,1,1,0,1,1,1,1,1,6,4,1,38,259
3,3,3,1,2,1,1,1,1,1,1,0,1,1,1,1,1,8,8,0,38,285
3,3,3,0,0,1,1,1,1,1,1,0,1,1,1,1,2,4,0,2,37,192
3,3,3,0,1,1,1,1,1,1,1,0,0,1,1,1,2,6,4,1,37,227
3,3,3,0,2,1,1,1,1,1,1,0,1,1,1,1,2,8,8,0,37,253
3,3,2,3,0,1,1,1,1,1,1,0,0,1,1,1,3,6,0,3,38,207
3,3,2,3,1,1,1,1,1,1,1,0,1,1,1,1,3,8,4,2,38,242
3,3,2,3,2,1,1,1,1,1,1,0,1,1,1,1,1,8,8,0,38,268
3,3,2,2,0,1,1,1,1,1,1,0,1,1,1,1,2,4,0,2,36,183
3,3,2,2,1,1,1,1,1,1,1,0,0,1,1,1,4,8,4,2,36,218
3,3,2,2,2,1,1,1,1,1,1,0,0,1,1,1,2,8,8,0,36,244
3,3,2,1,0,1,1,1,1,1,1,0,0,1,1,1,2,4,0,2,36,197
3,3,2,1,1,1,1,1,1,1,1,0,1,1,1,1,2,6,4,1,36,232
3,3,2,1,2,1,1,1,1,1,1,0,1,1,1,1,2,8,8,0,36,258
3,3,2,0,0,1,1,1,1,1,1,0,1,1,1,1,1,2,0,1,35,175
3,3,2,0,1,1,1,1,1,1,1,0,0,1,1,1,3,6,4,1,35,210
3,3,2,0,2,1,1,1,1,1,1,0,0,1,1,1,3,8,8,0,35,236
3,3,1,3,0,1,1,1,1,1,1,0,0,1,1,1,3,6,0,3,38,214
3,3,1,3,1,1,1,1,1,1,1,0,1,1,1,1,1,6,4,1,38,249
3,3,1,3,2,1,1,1,1,1,1,0,1,1,1,1,1,8,8,0,38,275
3,3,1,2,0,1,1,1,1,1,1,0,1,1,1,1,2,4,0,2,36,190
3,3,1,2,1,1,1,1,1,1,1,0,1,1,1,1,2,6,4,1,36,225
3,3,1,2,2,1,1,1,1,1,1,0,0,1,1,1,2,8,8,0,36,251
3,3,1,1,0,1,1,1,1,1,1,0,0,1,1,1,2,4,0,2,36,204
3,3,1,1,1,1,1,1,1,1,1,1,1,1,1,1,0,4,4,0,36,239
3,3,1,1,2,1,1,1,1,1,1,0,1,1,1,1,2,8,8,0,36,265
3,3,1,0,0,1,1,1,1,1,1,0,1,1,1,1,1,2,0,1,35,182
3,3,1,0,1,1,1,1,1,1,1,0,1,1,1,1,1,4,4,0,35,217
3,3,1,0,2,1,1,1,1,1,1,0,0,1,1,1,3,8,8,0,35,243
3,3,0,3,0,1,1,1,1,1,1,0,1,1,1,1,2,4,0,2,37,185
3,3,0,3,1,1,1,1,1,1,1,0,1,1,1,1,2,6,4,1,37,220
3,3,0,3,2,1,1,1,1,1,1,0,1,1,1,1,2,8,8,0,37,246
3,3,0,2,0,1,1,1,1,1,1,0,1,1,1,1,1,2,0,1,35,175
3,3,0,2,1,1,1,1,1,1,1,0,0,1,1,1,3,6,4,1,35,210
3,3,0,2,2,1,1,1,1,1,1,0,0,1,1,1,3,8,8,0,35,236
3,3,0,1,0,1,1,1,1,1,1,0,1,1,1,1,1,2,0,1,35,175
3,3,0,1,1,1,1,1,1,1,1,0,1,1,1,1,1,4,4,0,35,210
3,3,0,1,2,1,1,1,1,1,1,0,1,1,1,1,3,8,8,0,35,236
3,3,0,0,0,1,1,1,1,1,1,1,1,1,1,1,0,0,0,0,34,167
3,3,0,0,1,1,1,1,1,1,1,0,0,1,1,1,2,4,4,0,34,202
3,3,0,0,2,1,1,1,1,1,1,0,0,1,1,1,4,8,8,0,34,228
3,4,4,4,0,1,1,1,1,1,1,0,1,1,1,1,2,4,0,2,36,190
3,4,4,0,0,1,1,1,1,1,1,0,1,1,1,1,1,2,0,1,35,182
3,4,0,4,0,1,1,1,1,1,1,0,1,1,1,1,1,2,0,1,35,175
3,4,0,0,0,1,1,1,1,1,1,1,1,1,1,1,0,0,0,0,34,167
3,5,5,5,0,1,1,1,1,1,1,0,0,1,1,1,4,8,0,4,40,242
3,5,5,5,1,1,1,1,1,1,1,0,1,1,1,1,2,8,4,2,40,277
3,5,5,4,0,1,1,1,1,1,1,0,0,1,1,1,3,6,0,3,38,222
3,5,5,4,1,1,1,1,1,1,1,0,1,1,1,1,3,8,4,2,38,257
3,5,5,1,0,1,1,1,1,1,1,0,0,1,1,1,3,6,0,3,38,222
3,5,5,1,1,1,1,1,1,1,1,0,1,1,1,1,1,6,4,1,38,257
3,5,5,0,0,1,1,1,1,1,1,0,1,1,1,1,2,4,0,2,37,200
3,5,5,0,1,1,1,1,1,1,1,0,1,1,1,1,2,6,4,1,37,235
3,5,4,5,0,1,1,1,1,1,1,0,1,1,1,1,3,6,0,3,38,200
3,5,4,5,1,1,1,1,1,1,1,0,0,1,1,1,3,8,4,2,38,235
3,5,4,4,0,1,1,1,1,1,1,0,1,1,1,1,2,4,0,2,36,190
3,5,4,4,1,1,1,1,1,1,1,0,0,1,1,1,4,8,4,2,36,225
3,5,4,1,0,1,1,1,1,1,1,0,1,1,1,1,2,4,0,2,36,190
3,5,4,1,1,1,1,1,1,1,1,0,1,1,1,1,2,6,4,1,36,225
3,5,4,0,0,1,1,1,1,1,1,0,1,1,1,1,1,2,0,1,35,182
3,5,4,0,1,1,1,1,1,1,1,0,0,1,1,1,3,6,4,1,35,217
3,5,1,5,0,1,1,1,1,1,1,0,0,1,1,1,3,6,0,3,38,224
3,5,1,5,1,1,1,1,1,1,1,0,1,1,1,1,1,6,4,1,38,259
3,5,1,4,0,1,1,1,1,1,1,0,0,1,1,1,2,4,0,2,36,204
3,5,1,4,1,1,1,1,1,1,1,0,1,1,1,1,2,6,4,1,36,239
3,5,1,1,0,1,1,1,1,1,1,0,0,1,1,1,2,4,0,2,36,204
3,5,1,1,1,1,1,1,1,1,1,1,1,1,1,1,0,4,4,0,36,239
3,5,1,0,0,1,1,1,1,1,1,0,1,1,1,1,1,2,0,1,35,182
3,5,1,0,1,1,1,1,1,1,1,0,1,1,1,1,1,4,4,0,35,217
3,5,0,5,0,1,1,1,1,1,1,0,1,1,1,1,2,4,0,2,37,185
3,5,0,5,1,1,1,1,1,1,1,0,0,1,1,1,2,6,4,1,37,220
3,5,0,4,0,1,1,1,1,1,1,0,1,1,1,1,1,2,0,1,35,175
3,5,0,4,1,1,1,1,1,1,1,0,0,1,1,1,3,6,4,1,35,210
3,5,0,1,0,1,1,1,1,1,1,0,1,1,1,1,1,2,0,1,35,175
3,5,0,1,1,1,1,1,1,1,1,0,1,1,1,1,1,4,4,0,35,210
3,5,0,0,0,1,1,1,1,1,1,1,1,1,1,1,0,0,0,0,34,167
3,5,0,0,1,1,1,1,1,1,1,0,0,1,1,1,2,4,4,0,34,202
3,6,6,6,0,1,1,1,1,1,1,0,0,1,1,1,4,8,0,4,40,240
3,6,6,4,0,1,1,1,1,1,1,0,0,1,1,1,3,6,0,3,38,214
3,6,6,2,0,1,1,1,1,1,1,0,0,1,1,1,3,6,0,3,38,214
3,6,6,0,0,1,1,1,1,1,1,0,1,1,1,1,2,4,0,2,37,192
3,6,4,6,0,1,1,1,1,1,1,0,0,1,1,1,3,6,0,3,38,214
3,6,4,4,0,1,1,1,1,1,1,0,1,1,1,1,2,4,0,2,36,190
3,6,4,2,0,1,1,1,1,1,1,0,0,1,1,1,2,4,0,2,36,204
3,6,4,0,0,1,1,1,1,1,1,0,1,1,1,1,1,2,0,1,35,182
3,6,2,6,0,1,1,1,1,1,1,0,0,1,1,1,3,6,0,3,38,207
3,6,2,4,0,1,1,1,1,1,1,0,0,1,1,1,2,4,0,2,36,197
3,6,2,2,0,1,1,1,1,1,1,0,1,1,1,1,2,4,0,2,36,183
3,6,2,0,0,1,1,1,1,1,1,0,1,1,1,1,1,2,0,1,35,175
3,6,0,6,0,1,1,1,1,1,1,0,1,1,1,1,2,4,0,2,37,185
3,6,0,4,0,1,1,1,1,1,1,0,1,1,1,1,1,2,0,1,35,175
3,6,0,2,0,1,1,1,1,1,1,0,1,1,1,1,1,2,0,1,35,175
3,6,0,0,0,1,1,1,1,1,1,1,1,1,1,1,0,0,0,0,34,167
3,7,7,7,0,1,1,1,1,1,1,0,0,1,1,1,6,12,0,6,44,298
3,7,7,7,1,1,1,1,1,1,1,0,0,1,1,1,4,12,4,4,44,333
3,7,7,7,2,1,1,1,1,1,1,0,1,1,1,1,2,12,8,2,44,359
3,7,7,7,3,1,1,1,1,1,1,1,1,1,1,1,0,12,12,0,44,419
3,7,7,6,0,1,1,1,1,1,1,0,0,1,1,1,5,10,0,5,42,268
3,7,7,6,1,1,1,1,1,1,1,0,0,1,1,1,5,12,4,4,42,303
3,7,7,6,2,1,1,1,1,1,1,0,1,1,1,1,3,12,8,2,42,329
3,7,7,6,3,1,1,1,1,1,1,0,1,1,1,1,1,12,12,0,42,389
3,7,7,5,0,1,1,1,1,1,1,0,0,1,1,1,5,10,0,5,42,272
3,7,7,5,1,1,1,1,1,1,1,0,0,1,1,1,3,10,4,3,42,307
3,7,7,5,2,1,1,1,1,1,1,0,0,1,1,1,3,12,8,2,42,333
3,7,7,5,3,1,1,1,1,1,1,0,1,1,1,1,1,12,12,0,42,393
3,7,7,4,0,1,1,1,1,1,1,0,0,1,1,1,4,8,0,4,40,242
3,7,7,4,1,1,1,1,1,1,1,0,0,1,1,1,4,10,4,3,40,277
3,7,7,4,2,1,1,1,1,1,1,0,0,1,1,1,4,12,8,2,40,303
3,7,7,4,3,1,1,1,1,1,1,0,1,1,1,1,2,12,12,0,40,363
3,7,7,3,0,1,1,1,1,1,1,0,0,1,1,1,5,10,0,5,42,268
3,7,7,3,1,1,1,1,1,1,1,0,0,1,1,1,3,10,4,3,42,303
3,7,7,3,2,1,1,1,1,1,1,0,1,1,1,1,1,10,8,1,42,329
3,7,7,3,3,1,1,1,1,1,1,0,1,1,1,1,1,12,12,0,42,389
3,7,7,2,0,1,1,1,1,1,1,0,0,1,1,1,4,8,0,4,40,232
3,7,7,2,1,1,1,1,1,1,1,0,0,1,1,1,4,10,4,3,40,267
3,7,7,2,2,1,1,1,1,1,1,0,1,1,1,1,2,10,8,1,40,293
3,7,7,2,3,1,1,1,1,1,1,0,1,1,1,1,2,12,12,0,40,353
3,7,7,1,0,1,1,1,1,1,1,0,0,1,1,1,4,8,0,4,40,242
3,7,7,1,1,1,1,1,1,1,1,0,1,1,1,1,2,8,4,2,40,277
3,7,7,1,2,1,1,1,1,1,1,0,0,1,1,1,2,10,8,1,40,303
3,7,7,1,3,1,1,1,1,1,1,0,1,1,1,1,2,12,12,0,40,363
3,7,7,0,0,1,1,1,1,1,1,0,1,1,1,1,3,6,0,3,39,210
3,7,7,0,1,1,1,1,1,1,1,0,0,1,1,1,3,8,4,2,39,245
3,7,7,0,2,1,1,1,1,1,1,0,0,1,1,1,3,10,8,1,39,271
3,7,7,0,3,1,1,1,1,1,1,0,1,1,1,1,3,12,12,0,39,331
3,7,6,7,0,1,1,1,1,1,1,0,0,1,1,1,5,10,0,5,42,260
3,7,6,7,1,1,1,1,1,1,1,0,0,1,1,1,5,12,4,4,42,295
3,7,6,7,2,1,1,1,1,1,1,0,0,1,1,1,3,12,8,2,42,321
3,7,6,7,3,1,1,1,1,1,1,0,1,1,1,1,1,12,12,0,42,381
3,7,6,6,0,1,1,1,1,1,1,0,0,1,1,1,4,8,0,4,40,240
3,7,6,6,1,1,1,1,1,1,1,0,0,1,1,1,6,12,4,4,40,275
3,7,6,6,2,1,1,1,1,1,1,0,0,1,1,1,4,12,8,2,40,301
3,7,6,6,3,1,1,1,1,1,1,0,0,1,1,1,2,12,12,0,40,361
3,7,6,5,0,1,1,1,1,1,1,0,0,1,1,1,4,8,0,4,40,234
3,7,6,5,1,1,1,1,1,1,1,0,0,1,1,1,4,10,4,3,40,269
3,7,6,5,2,1,1,1,1,1,1,0,0,1,1,1,4,12,8,2,40,295
3,7,6,5,3,1,1,1,1,1,1,0,1,1,1,1,2,12,12,0,40,355
3,7,6,4,0,1,1,1,1,1,1,0,0,1,1,1,3,6,0,3,38,214
3,7,6,4,1,1,1,1,1,1,1,0,0,1,1,1,5,10,4,3,38,249
3,7,6,4,2,1,1,1,1,1,1,0,0,1,1,1,5,12,8,2,38,275
3,7,6,4,3,1,1,1,1,1,1,0,0,1,1,1,3,12,12,0,38,335
3,7,6,3,0,1,1,1,1,1,1,0,0,1,1,1,4,8,0,4,40,240
3,7,6,3,1,1,1,1,1,1,1,0,0,1,1,1,4,10,4,3,40,275
3,7,6,3,2,1,1,1,1,1,1,0,1,1,1,1,2,10,8,1,40,301
3,7,6,3,3,1,1,1,1,1,1,0,0,1,1,1,2,12,12,0,40,361
3,7,6,2,0,1,1,1,1,1,1,0,0,1,1,1,3,6,0,3,38,214
3,7,6,2,1,1,1,1,1,1,1,0,0,1,1,1,5,10,4,3,38,249
3,7,6,2,2,1,1,1,1,1,1,0,0,1,1,1,3,10,8,1,38,275
3,7,6,2,3,1,1,1,1,1,1,0,0,1,1,1,3,12,12,0,38,335
3,7,6,1,0,1,1,1,1,1,1,0,0,1,1,1,3,6,0,3,38,214
3,7,6,1,1,1,1,1,1,1,1,0,1,1,1,1,3,8,4,2,38,249
3,7,6,1,2,1,1,1,1,1,1,0,0,1,1,1,3,10,8,1,38,275
3,7,6,1,3,1,1,1,1,1,1,0,0,1,1,1,3,12,12,0,38,335
3,7,6,0,0,1,1,1,1,1,1,0,1,1,1,1,2,4,0,2,37,192
3,7,6,0,1,1,1,1,1,1,1,0,0,1,1,1,4,8,4,2,37,227
3,7,6,0,2,1,1,1,1,1,1,0,0,1,1,1,4,10,8,1,37,253
3,7,6,0,3,1,1,1,1,1,1,0,0,1,1,1,4,12,12,0,37,313
3,7,5,7,0,1,1,1,1,1,1,0,0,1,1,1,5,10,0,5,42,268
3,7,5,7,1,1,1,1,1,1,1,0,0,1,1,1,3,10,4,3,42,303
3,7,5,7,2,1,1,1,1,1,1,0,0,1,1,1,3,12,8,2,42,329
3,7,5,7,3,1,1,1,1,1,1,0,1,1,1,1,1,12,12,0,42,389
3,7,5,6,0,1,1,1,1,1,1,0,0,1,1,1,4,8,0,4,40,248
3,7,5,6,1,1,1,1,1,1,1,0,0,1,1,1,4,10,4,3,40,283
3,7,5,6,2,1,1,1,1,1,1,0,0,1,1,1,4,12,8,2,40,309
3,7,5,6,3,1,1,1,1,1,1,0,0,1,1,1,2,12,12,0,40,369
3,7,5,5,0,1,1,1,1,1,1,0,0,1,1,1,4,8,0,4,40,242
3,7,5,5,1,1,1,1,1,1,1,0,1,1,1,1,2,8,4,2,40,277
3,7,5,5,2,1,1,1,1,1,1,0,0,1,1,1,4,12,8,2,40,303
3,7,5,5,3,1,1,1,1,1,1,0,1,1,1,1,2,12,12,0,40,363
3,7,5,4,0,1,1,1,1,1,1,0,0,1,1,1,3,6,0,3,38,222
3,7,5,4,1,1,1,1,1,1,1,0,1,1,1,1,3,8,4,2,38,257
3,7,5,4,2,1,1,1,1,1,1,0,0,1,1,1,5,12,8,2,38,283
3,7,5,4,3,1,1,1,1,1,1,0,0,1,1,1,3,12,12,0,38,343
3,7,5,3,0,1,1,1,1,1,1,0,0,1,1,1,4,8,0,4,40,248
3,7,5,3,1,1,1,1,1,1,1,0,0,1,1,1,2,8,4,2,40,283
3,7,5,3,2,1,1,1,1,1,1,0,1,1,1,1,2,10,8,1,40,309
3,7,5,3,3,1,1,1,1,1,1,0,0,1,1,1,2,12,12,0,40,369
3,7,5,2,0,1,1,1,1,1,1,0,0,1,1,1,3,6,0,3,38,222
3,7,5,2,1,1,1,1,1,1,1,0,0,1,1,1,3,8,4,2,38,257
3,7,5,2,2,1,1,1,1,1,1,0,0,1,1,1,3,10,8,1,38,283
3,7,5,2,3,1,1,1,1,1,1,0,0,1,1,1,3,12,12,0,38,343
3,7,5,1,0,1,1,1,1,1,1,0,0,1,1,1,3,6,0,3,38,222
3,7,5,1,1,1,1,1,1,1,1,0,1,1,1,1,1,6,4,1,38,257
3,7,5,1,2,1,1,1,1,1,1,0,0,1,1,1,3,10,8,1,38,283
3,7,5,1,3,1,1,1,1,1,1,0,0,1,1,1,3,12,12,0,38,343
3,7,5,0,0,1,1,1,1,1,1,0,1,1,1,1,2,4,0,2,37,200
3,7,5,0,1,1,1,1,1,1,1,0,1,1,1,1,2,6,4,1,37,235
3,7,5,0,2,1,1,1,1,1,1,0,0,1,1,1,4,10,8,1,37,261
3,7,5,0,3,1,1,1,1,1,1,0,0,1,1,1,4,12,12,0,37,321
3,7,4,7,0,1,1,1,1,1,1,0,0,1,1,1,4,8,0,4,40,224
3,7,4,7,1,1,1,1,1,1,1,0,0,1,1,1,4,10,4,3,40,259
3,7,4,7,2,1,1,1,1,1,1,0,0,1,1,1,4,12,8,2,40,285
3,7,4,7,3,1,1,1,1,1,1,0,1,1,1,1,2,12,12,0,40,345
3,7,4,6,0,1,1,1,1,1,1,0,0,1,1,1,3,6,0,3,38,214
3,7,4,6,1,1,1,1,1,1,1,0,0,1,1,1,5,10,4,3,38,249
3,7,4,6,2,1,1,1,1,1,1,0,0,1,1,1,5,12,8,2,38,275
3,7,4,6,3,1,1,1,1,1,1,0,0,1,1,1,3,12,12,0,38,335
3,7,4,5,0,1,1,1,1,1,1,0,1,1,1,1,3,6,0,3,38,200
3,7,4,5,1,1,1,1,1,1,1,0,0,1,1,1,3,8,4,2,38,235
3,7,4,5,2,1,1,1,1,1,1,0,0,1,1,1,5,12,8,2,38,261
3,7,4,5,3,1,1,1,1,1,1,0,1,1,1,1,3,12,12,0,38,321
3,7,4,4,0,1,1,1,1,1,1,0,1,1,1,1,2,4,0,2,36,190
3,7,4,4,1,1,1,1,1,1,1,0,0,1,1,1,4,8,4,2,36,225
3,7,4,4,2,1,1,1,1,1,1,0,0,1,1,1,6,12,8,2,36,251
3,7,4,4,3,1,1,1,1,1,1,0,0,1,1,1,4,12,12,0,36,311
3,7,4,3,0,1,1,1,1,1,1,0,0,1,1,1,3,6,0,3,38,214
3,7,4,3,1,1,1,1,1,1,1,0,0,1,1,1,3,8,4,2,38,249
3,7,4,3,2,1,1,1,1,1,1,0,1,1,1,1,3,10,8,1,38,275
3,7,4,3,3,1,1,1,1,1,1,0,0,1,1,1,3,12,12,0,38,335
3,7,4,2,0,1,1,1,1,1,1,0,0,1,1,1,2,4,0,2,36,204
3,7,4,2,1,1,1,1,1,1,1,0,0,1,1,1,4,8,4,2,36,239
3,7,4,2,2,1,1,1,1,1,1,0,0,1,1,1,4,10,8,1,36,265
3,7,4,2,3,1,1,1,1,1,1,0,0,1,1,1,4,12,12,0,36,325
3,7,4,1,0,1,1,1,1,1,1,0,1,1,1,1,2,4,0,2,36,190
3,7,4,1,1,1,1,1,1,1,1,0,1,1,1,1,2,6,4,1,36,225
3,7,4,1,2,1,1,1,1,1,1,0,0,1,1,1,4,10,8,1,36,251
3,7,4,1,3,1,1,1,1,1,1,0,0,1,1,1,4,12,12,0,36,311
3,7,4,0,0,1,1,1,1,1,1,0,1,1,1,1,1,2,0,1,35,182
3,7,4,0,1,1,1,1,1,1,1,0,0,1,1,1,3,6,4,1,35,217
3,7,4,0,2,1,1,1,1,1,1,0,0,1,1,1,5,10,8,1,35,243
3,7,4,0,3,1,1,1,1,1,1,0,0,1,1,1,5,12,12,0,35,303
3,7,3,7,0,1,1,1,1,1,1,0,0,1,1,1,5,10,0,5,42,264
3,7,3,7,1,1,1,1,1,1,1,0,0,1,1,1,3,10,4,3,42,299
3,7,3,7,2,1,1,1,1,1,1,0,1,1,1,1,1,10,8,1,42,325
3,7,3,7,3,1,1,1,1,1,1,0,1,1,1,1,1,12,12,0,42,385
3,7,3,6,0,1,1,1,1,1,1,0,0,1,1,1,4,8,0,4,40,234
3,7,3,6,1,1,1,1,1,1,1,0,0,1,1,1,4,10,4,3,40,269
3,7,3,6,2,1,1,1,1,1,1,0,1,1,1,1,2,10,8,1,40,295
3,7,3,6,3,1,1,1,1,1,1,0,1,1,1,1,2,12,12,0,40,355
3,7,3,5,0,1,1,1,1,1,1,0,0,1,1,1,4,8,0,4,40,254
3,7,3,5,1,1,1,1,1,1,1,0,0,1,1,1,2,8,4,2,40,289
3,7,3,5,2,1,1,1,1,1,1,0,1,1,1,1,2,10,8,1,40,315
3,7,3,5,3,1,1,1,1,1,1,0,0,1,1,1,2,12,12,0,40,375
3,7,3,4,0,1,1,1,1,1,1,0,0,1,1,1,3,6,0,3,38,224
3,7,3,4,1,1,1,1,1,1,1,0,0,1,1,1,3,8,4,2,38,259
3,7,3,4,2,1,1,1,1,1,1,0,1,1,1,1,3,10,8,1,38,285
3,7,3,4,3,1,1,1,1,1,1,0,0,1,1,1,3,12,12,0,38,345
3,7,3,3,0,1,1,1,1,1,1,0,0,1,1,1,4,8,0,4,40,234
3,7,3,3,1,1,1,1,1,1,1,0,1,1,1,1,2,8,4,2,40,269
3,7,3,3,2,1,1,1,1,1,1,1,1,1,1,1,0,8,8,0,40,295
3,7,3,3,3,1,1,1,1,1,1,0,1,1,1,1,2,12,12,0,40,355
3,7,3,2,0,1,1,1,1,1,1,0,1,1,1,1,3,6,0,3,38,200
3,7,3,2,1,1,1,1,1,1,1,0,0,1,1,1,3,8,4,2,38,235
3,7,3,2,2,1,1,1,1,1,1,0,1,1,1,1,1,8,8,0,38,261
3,7,3,2,3,1,1,1,1,1,1,0,1,1,1,1,3,12,12,0,38,321
3,7,3,1,0,1,1,1,1,1,1,0,0,1,1,1,3,6,0,3,38,224
3,7,3,1,1,1,1,1,1,1,1,0,1,1,1,1,1,6,4,1,38,259
3,7,3,1,2,1,1,1,1,1,1,0,1,1,1,1,1,8,8,0,38,285
3,7,3,1,3,1,1,1,1,1,1,0,0,1,1,1,3,12,12,0,38,345
3,7,3,0,0,1,1,1,1,1,1,0,1,1,1,1,2,4,0,2,37,192
3,7,3,0,1,1,1,1,1,1,1,0,0,1,1,1,2,6,4,1,37,227
3,7,3,0,2,1,1,1,1,1,1,0,1,1,1,1,2,8,8,0,37,253
3,7,3,0,3,1,1,1,1,1,1,0,0,1,1,1,4,12,12,0,37,313
3,7,2,7,0,1,1,1,1,1,1,0,0,1,1,1,4,8,0,4,40,227
3,7,2,7,1,1,1,1,1,1,1,0,0,1,1,1,4,10,4,3,40,262
3,7,2,7,2,1,1,1,1,1,1,0,0,1,1,1,2,10,8,1,40,288
3,7,2,7,3,1,1,1,1,1,1,0,1,1,1,1,2,12,12,0,40,348
3,7,2,6,0,1,1,1,1,1,1,0,0,1,1,1,3,6,0,3,38,207
3,7,2,6,1,1,1,1,1,1,1,0,0,1,1,1,5,10,4,3,38,242
3,7,2,6,2,1,1,1,1,1,1,0,0,1,1,1,3,10,8,1,38,268
3,7,2,6,3,1,1,1,1,1,1,0,0,1,1,1,3,12,12,0,38,328
3,7,2,5,0,1,1,1,1,1,1,0,0,1,1,1,3,6,0,3,38,217
3,7,2,5,1,1,1,1,1,1,1,0,0,1,1,1,3,8,4,2,38,252
3,7,2,5,2,1,1,1,1,1,1,0,0,1,1,1,3,10,8,1,38,278
3,7,2,5,3,1,1,1,1,1,1,0,0,1,1,1,3,12,12,0,38,338
3,7,2,4,0,1,1,1,1,1,1,0,0,1,1,1,2,4,0,2,36,197
3,7,2,4,1,1,1,1,1,1,1,0,0,1,1,1,4,8,4,2,36,232
3,7,2,4,2,1,1,1,1,1,1,0,0,1,1,1,4,10,8,1,36,258
3,7,2,4,3,1,1,1,1,1,1,0,0,1,1,1,4,12,12,0,36,318
3,7,2,3,0,1,1,1,1,1,1,0,0,1,1,1,3,6,0,3,38,207
3,7,2,3,1,1,1,1,1,1,1,0,1,1,1,1,3,8,4,2,38,242
3,7,2,3,2,1,1,1,1,1,1,0,1,1,1,1,1,8,8,0,38,268
3,7,2,3,3,1,1,1,1,1,1,0,0,1,1,1,3,12,12,0,38,328
3,7,2,2,0,1,1,1,1,1,1,0,1,1,1,1,2,4,0,2,36,183
3,7,2,2,1,1,1,1,1,1,1,0,0,1,1,1,4,8,4,2,36,218
3,7,2,2,2,1,1,1,1,1,1,0,0,1,1,1,2,8,8,0,36,244
3,7,2,2,3,1,1,1,1,1,1,0,0,1,1,1,4,12,12,0,36,304
3,7,2,1,0,1,1,1,1,1,1,0,0,1,1,1,2,4,0,2,36,197
3,7,2,1,1,1,1,1,1,1,1,0,1,1,1,1,2,6,4,1,36,232
3,7,2,1,2,1,1,1,1,1,1,0,1,1,1,1,2,8,8,0,36,258
3,7,2,1,3,1,1,1,1,1,1,0,0,1,1,1,4,12,12,0,36,318
3,7,2,0,0,1,1,1,1,1,1,0,1,1,1,1,1,2,0,1,35,175
3,7,2,0,1,1,1,1,1,1,1,0,0,1,1,1,3,6,4,1,35,210
3,7,2,0,2,1,1,1,1,1,1,0,0,1,1,1,3,8,8,0,35,236
3,7,2,0,3,1,1,1,1,1,1,0,0,1,1,1,5,12,12,0,35,296
3,7,1,7,0,1,1,1,1,1,1,0,0,1,1,1,4,8,0,4,40,234
3,7,1,7,1,1,1,1,1,1,1,0,1,1,1,1,2,8,4,2,40,269
3,7,1,7,2,1,1,1,1,1,1,0,0,1,1,1,2,10,8,1,40,295
3,7,1,7,3,1,1,1,1,1,1,0,1,1,1,1,2,12,12,0,40,355
3,7,1,6,0,1,1,1,1,1,1,0,0,1,1,1,3,6,0,3,38,214
3,7,1,6,1,1,1,1,1,1,1,0,1,1,1,1,3,8,4,2,38,249
3,7,1,6,2,1,1,1,1,1,1,0,0,1,1,1,3,10,8,1,38,275
3,7,1,6,3,1,1,1,1,1,1,0,0,1,1,1,3,12,12,0,38,335
3,7,1,5,0,1,1,1,1,1,1,0,0,1,1,1,3,6,0,3,38,224
3,7,1,5,1,1,1,1,1,1,1,0,1,1,1,1,1,6,4,1,38,259
3,7,1,5,2,1,1,1,1,1,1,0,0,1,1,1,3,10,8,1,38,285
3,7,1,5,3,1,1,1,1,1,1,0,0,1,1,1,3,12,12,0,38,345
3,7,1,4,0,1,1,1,1,1,1,0,0,1,1,1,2,4,0,2,36,204
3,7,1,4,1,1,1,1,1,1,1,0,1,1,1,1,2,6,4,1,36,239
3,7,1,4,2,1,1,1,1,1,1,0,0,1,1,1,4,10,8,1,36,265
3,7,1,4,3,1,1,1,1,1,1,0,0,1,1,1,4,12,12,0,36,325
3,7,1,3,0,1,1,1,1,1,1,0,0,1,1,1,3,6,0,3,38,214
3,7,1,3,1,1,1,1,1,1,1,0,1,1,1,1,1,6,4,1,38,249
3,7,1,3,2,1,1,1,1,1,1,0,1,1,1,1,1,8,8,0,38,275
3,7,1,3,3,1,1,1,1,1,1,0,0,1,1,1,3,12,12,0,38,335
3,7,1,2,0,1,1,1,1,1,1,0,1,1,1,1,2,4,0,2,36,190
3,7,1,2,1,1,1,1,1,1,1,0,1,1,1,1,2,6,4,1,36,225
3,7,1,2,2,1,1,1,1,1,1,0,0,1,1,1,2,8,8,0,36,251
3,7,1,2,3,1,1,1,1,1,1,0,0,1,1,1,4,12,12,0,36,311
3,7,1,1,0,1,1,1,1,1,1,0,0,1,1,1,2,4,0,2,36,204
3,7,1,1,1,1,1,1,1,1,1,1,1,1,1,1,0,4,4,0,36,239
3,7,1,1,2,1,1,1,1,1,1,0,1,1,1,1,2,8,8,0,36,265
3,7,1,1,3,1,1,1,1,1,1,0,0,1,1,1,4,12,12,0,36,325
3,7,1,0,0,1,1,1,1,1,1,0,1,1,1,1,1,2,0,1,35,182
3,7,1,0,1,1,1,1,1,1,1,0,1,1,1,1,1,4,4,0,35,217
3,7,1,0,2,1,1,1,1,1,1,0,0,1,1,1,3,8,8,0,35,243
3,7,1,0,3,1,1,1,1,1,1,0,0,1,1,1,5,12,12,0,35,303
3,7,0,7,0,1,1,1,1,1,1,0,1,1,1,1,3,6,0,3,39,195
3,7,0,7,1,1,1,1,1,1,1,0,0,1,1,1,3,8,4,2,39,230
3,7,0,7,2,1,1,1,1,1,1,0,0,1,1,1,3,10,8,1,39,256
3,7,0,7,3,1,1,1,1,1,1,0,1,1,1,1,3,12,12,0,39,316
3,7,0,6,0,1,1,1,1,1,1,0,1,1,1,1,2,4,0,2,37,185
3,7,0,6,1,1,1,1,1,1,1,0,0,1,1,1,4,8,4,2,37,220
3,7,0,6,2,1,1,1,1,1,1,0,0,1,1,1,4,10,8,1,37,246
3,7,0,6,3,1,1,1,1,1,1,0,0,1,1,1,4,12,12,0,37,306
3,7,0,5,0,1,1,1,1,1,1,0,1,1,1,1,2,4,0,2,37,185
3,7,0,5,1,1,1,1,1,1,1,0,0,1,1,1,2,6,4,1,37,220
3,7,0,5,2,1,1,1,1,1,1,0,0,1,1,1,4,10,8,1,37,246
3,7,0,5,3,1,1,1,1,1,1,0,0,1,1,1,4,12,12,0,37,306
3,7,0,4,0,1,1,1,1,1,1,0,1,1,1,1,1,2,0,1,35,175
3,7,0,4,1,1,1,1,1,1,1,0,0,1,1,1,3,6,4,1,35,210
3,7,0,4,2,1,1,1,1,1,1,0,0,1,1,1,5,10,8,1,35,236
3,7,0,4,3,1,1,1,1,1,1,0,0,1,1,1,5,12,12,0,35,296
3,7,0,3,0,1,1,1,1,1,1,0,1,1,1,1,2,4,0,2,37,185
3,7,0,3,1,1,1,1,1,1,1,0,1,1,1,1,2,6,4,1,37,220
3,7,0,3,2,1,1,1,1,1,1,0,1,1,1,1,2,8,8,0,37,246
3,7,0,3,3,1,1,1,1,1,1,0,0,1,1,1,4,12,12,0,37,306
3,7,0,2,0,1,1,1,1,1,1,0,1,1,1,1,1,2,0,1,35,175
3,7,0,2,1,1,1,1,1,1,1,0,0,1,1,1,3,6,4,1,35,210
3,7,0,2,2,1,1,1,1,1,1,0,0,1,1,1,3,8,8,0,35,236
3,7,0,2,3,1,1,1,1,1,1,0,0,1,1,1,5,12,12,0,35,296
3,7,0,1,0,1,1,1,1,1,1,0,1,1,1,1,1,2,0,1,35,175
3,7,0,1,1,1,1,1,1,1,1,0,1,1,1,1,1,4,4,0,35,210
3,7,0,1,2,1,1,1,1,1,1,0,1,1,1,1,3,8,8,0,35,236
3,7,0,1,3,1,1,1,1,1,1,0,0,1,1,1,5,12,12,0,35,296
3,7,0,0,0,1,1,1,1,1,1,1,1,1,1,1,0,0,0,0,34,167
3,7,0,0,1,1,1,1,1,1,1,0,0,1,1,1,2,4,4,0,34,202
3,7,0,0,2,1,1,1,1,1,1,0,0,1,1,1,4,8,8,0,34,228
3,7,0,0,3,1,1,1,1,1,1,0,0,1,1,1,6,12,12,0,34,288
