write_order,crash_cut,receipt_only_ok,r_after,s_after,j_after
r;s;j;seen,0,1,1,1,1
r;s;j;seen,1,0,2,1,1
r;s;j;seen,2,0,2,2,1
r;s;j;seen,3,0,2,2,2
r;s;j;seen,4,1,1,1,1
r;s;seen;j,0,1,1,1,1
r;s;seen;j,1,0,2,1,1
r;s;seen;j,2,0,2,2,1
r;s;seen;j,3,0,1,1,0
r;s;seen;j,4,1,1,1,1
r;j;s;seen,0,1,1,1,1
r;j;s;seen,1,0,2,1,1
r;j;s;seen,2,0,2,1,2
r;j;s;seen,3,0,2,2,2
r;j;s;seen,4,1,1,1,1
r;j;seen;s,0,1,1,1,1
r;j;seen;s,1,0,2,1,1
r;j;seen;s,2,0,2,1,2
r;j;seen;s,3,0,1,0,1
r;j;seen;s,4,1,1,1,1
r;seen;s;j,0,1,1,1,1
r;seen;s;j,1,0,2,1,1
r;seen;s;j,2,0,1,0,0
r;seen;s;j,3,0,1,1,0
r;seen;s;j,4,1,1,1,1
r;seen;j;s,0,1,1,1,1
r;seen;j;s,1,0,2,1,1
r;seen;j;s,2,0,1,0,0
r;seen;j;s,3,0,1,0,1
r;seen;j;s,4,1,1,1,1
s;r;j;seen,0,1,1,1,1
s;r;j;seen,1,0,1,2,1
s;r;j;seen,2,0,2,2,1
s;r;j;seen,3,0,2,2,2
s;r;j;seen,4,1,1,1,1
s;r;seen;j,0,1,1,1,1
s;r;seen;j,1,0,1,2,1
s;r;seen;j,2,0,2,2,1
s;r;seen;j,3,0,1,1,0
s;r;seen;j,4,1,1,1,1
s;j;r;seen,0,1,1,1,1
s;j;r;seen,1,0,1,2,1
s;j;r;seen,2,0,1,2,2
s;j;r;seen,3,0,2,2,2
s;j;r;seen,4,1,1,1,1
s;j;seen;r,0,1,1,1,1
s;j;seen;r,1,0,1,2,1
s;j;seen;r,2,0,1,2,2
s;j;seen;r,3,0,0,1,1
s;j;seen;r,4,1,1,1,1
s;seen;r;j,0,1,1,1,1
s;seen;r;j,1,0,1,2,1
s;seen;r;j,2,0,0,1,0
s;seen;r;j,3,0,1,1,0
s;seen;r;j,4,1,1,1,1
s;seen;j;r,0,1,1,1,1
s;seen;j;r,1,0,1,2,1
s;seen;j;r,2,0,0,1,0
s;seen;j;r,3,0,0,1,1
s;seen;j;r,4,1,1,1,1
j;r;s;seen,0,1,1,1,1
j;r;s;seen,1,0,1,1,2
j;r;s;seen,2,0,2,1,2
j;r;s;seen,3,0,2,2,2
j;r;s;seen,4,1,1,1,1
j;r;seen;s,0,1,1,1,1
j;r;seen;s,1,0,1,1,2
j;r;seen;s,2,0,2,1,2
j;r;seen;s,3,0,1,0,1
j;r;seen;s,4,1,1,1,1
j;s;r;seen,0,1,1,1,1
j;s;r;seen,1,0,1,1,2
j;s;r;seen,2,0,1,2,2
j;s;r;seen,3,0,2,2,2
j;s;r;seen,4,1,1,1,1
j;s;seen;r,0,1,1,1,1
j;s;seen;r,1,0,1,1,2
j;s;seen;r,2,0,1,2,2
j;s;seen;r,3,0,0,1,1
j;s;seen;r,4,1,1,1,1
j;seen;r;s,0,1,1,1,1
j;seen;r;s,1,0,1,1,2
j;seen;r;s,2,0,0,0,1
j;seen;r;s,3,0,1,0,1
j;seen;r;s,4,1,1,1,1
j;seen;s;r,0,1,1,1,1
j;seen;s;r,1,0,1,1,2
j;seen;s;r,2,0,0,0,1
j;seen;s;r,3,0,0,1,1
j;seen;s;r,4,1,1,1,1
seen;r;s;j,0,1,1,1,1
seen;r;s;j,1,0,0,0,0
seen;r;s;j,2,0,1,0,0
seen;r;s;j,3,0,1,1,0
seen;r;s;j,4,1,1,1,1
seen;r;j;s,0,1,1,1,1
seen;r;j;s,1,0,0,0,0
seen;r;j;s,2,0,1,0,0
seen;r;j;s,3,0,1,0,1
seen;r;j;s,4,1,1,1,1
seen;s;r;j,0,1,1,1,1
seen;s;r;j,1,0,0,0,0
seen;s;r;j,2,0,0,1,0
seen;s;r;j,3,0,1,1,0
seen;s;r;j,4,1,1,1,1
seen;s;j;r,0,1,1,1,1
seen;s;j;r,1,0,0,0,0
seen;s;j;r,2,0,0,1,0
seen;s;j;r,3,0,0,1,1
seen;s;j;r,4,1,1,1,1
seen;j;r;s,0,1,1,1,1
seen;j;r;s,1,0,0,0,0
seen;j;r;s,2,0,0,0,1
seen;j;r;s,3,0,1,0,1
seen;j;r;s,4,1,1,1,1
seen;j;s;r,0,1,1,1,1
seen;j;s;r,1,0,0,0,0
seen;j;s;r,2,0,0,0,1
seen;j;s;r,3,0,0,1,1
seen;j;s;r,4,1,1,1,1
