id,claim,assumptions,argument,executable_check,retained_results,boundary
C01,Mixed-cut retargeting is exact for a valid anchor.,"Finite bags, complete named epochs, fixed target; supported domain.",proofs/arguments.md A,recovery/algebra.py; tests/test_recovery.py,results/algebra.csv; results/cuts.csv,The cut sets alone do not establish anchor validity.
C02,A derived-view anchor residual survives exact delta application.,Correct retained bases; additive residual in derived components.,proofs/arguments.md B,join-poisoned anchor endpoint controls,results/cuts.csv,Base corruption can propagate into join/group residuals; the abstract fixed-additive lemma is broader than this executable control.
C03,Structural target admission is exact on the common supported domain.,Nonnegative canonical target; symmetric signed-64 coordinates; prefix absolute sums and product at most M.,proofs/arguments.md C,recovery/factorized.py:verify_structural; component mutations,results/cuts.csv; results/workloads.csv; results/domain_controls.csv,It scans the candidate and retains peak base/aggregation state; not universal constant-space verification.
C04,Factorized expected join evaluation enumerates no expected join tuples.,Fixed equijoin with canonical five-relation candidate.,proofs/arguments.md D,recovery/factorized.py; test-only tag mutants,results/workloads.csv; results/tag_controls.csv,"Candidate join is scanned; exact-map indexes, frozen candidates and peak grouping state are charged separately. Production tags are recomputed without a payload cache."
C05,Ideal fixed-candidate error is at most (3/q)^r with exact supported-domain completeness.,Prime FIELD=2^127-1; candidate committed before fresh independent uniform tags; no coefficient wrap.,proofs/arguments.md E,"small-field algebra, domain and relation-tag controls",results/soundness.csv; results/domain_controls.csv; results/tag_controls.csv,Concrete SHA-256/SHAKE derivation requires computational assumptions; distinct seed bytes alone do not prove independent randomness.
C06,"The two-round bound is exactly bounded by 9/(2^127-1)^2, which is less than 2^-250.",Ideal per-round bound and independent rounds.,proofs/arguments.md E,rational probability and composite-modulus regression,results/domain_controls.csv,9/2^254 is not an upper bound; composite moduli are rejected in production.
C07,Known tags permit nonzero two-term collisions in the algebraic control.,Fixed low-level tag binding; adjustable two-term residual.,proofs/arguments.md E,adaptive_two_term_collision,results/soundness.csv,32/32 controls are not a break of the complete commitment-bound Store interface.
C08,A synopsis-free checker must read a sensitive cell with probability at least 1-epsilon.,"Addressable-cell model, perfect completeness, valid one-cell modification, no dependent trusted synopsis.",proofs/arguments.md G,proof argument; mutation controls illustrate sensitive cells,proofs/arguments.md,"A model-specific read lower bound, not a universal database-verification lower bound."
C09,Store publication and service enforce the same complete candidate and authority binding.,Trusted Store configuration/decision state; immutable logical objects; atomic root; accepted empty bootstrap.,proofs/arguments.md H,recovery/publication.py; protocol_controls.py,results/protocol_controls.csv; results/publication.csv,Semantic correctness remains conditional on the checker; randomized acceptance is not zero-error proof.
C10,"Fallback requires a new commitment, a distinct canonical seed and a fresh admission decision.",Independent trusted seed source; canonical bytes/hex decoding.,proofs/arguments.md F/H,fallback interruption controls and equivalent-seed rejection,results/protocol_controls.csv; results/publication.csv,Fallback shares the producer implementation; it is not an independently coded replay implementation.
C11,The storage sweep contains 46800 schedules: 28080 fallback and 18720 direct.,"5 target prefixes, 720 flush permutations, 13 crash cuts; identical equation calls may be memoized.",Enumeration in reproduce.py,publication_rows; cached/uncached small paired tests; verify_results.py,results/publication.csv; results/publication_summary.json,Every logical transition is executed; repeated equation arithmetic is reused. Not every schedule is poisoned or a fallback.
C12,Both structural and factorized modes reject 57645 one-component mutations each.,11529 endpoints times five components per mode.,Finite coverage specification in reproduce.py,Two mode-specific mutation counts checked independently,results/cuts.csv; results/cuts_summary.json,No unseen generator split or production workload generalization is claimed.
C13,An intact old root is not serviceable for a different requested target.,Trusted requested h; old marker differs.,proofs/arguments.md H,read_committed raises RecoveryPending; stale-target regressions,results/protocol_controls.csv; results/publication.csv,Old-generation completeness and new-target availability are different invariants.
C14,Receipt-only marking cannot establish exactly-once external effects.,"Separate effect and receipt writes, lost acknowledgements permitted.",proofs/arguments.md I/J,120 schedules and cancellation cases,results/receipts.csv; results/case_checks.json,"72 failures describe this finite control, not a deployed failure rate."
C15,"Space accounting includes resident inputs, complete frozen images and historical aggregate keys; the production tag-cache size is zero.","Current Python representation, bounded retained attempts, finite logical Store and supplied synthetic cases.",Cost discussion in main paper and proofs/arguments.md C/D,"Fixed-key increasing-payload, Cartesian join and cancellation controls",results/memory_controls.csv; results/workloads.csv,Retained Python object counts are not RSS or physical database benchmarks.
C16,The current deterministic evidence is reproducible by one standard-library command.,"Python3 with sqlite3, fresh output directory, one worker.",README.md reproduction contract,run_complete.py; verify_results.py --deep --compare; 60 unit tests,results/reconciliation.json; results/unit_tests.json; results/execution.json,"Correctness fields must match; CPU time, RSS and allocation diagnostics need not match."
