key,title,source_url,access_date,integration,scope,license
blakeley1986,Efficiently Updating Materialized Views,https://uwaterloo.ca/data-systems-group/references/efficiently-updating-materialized-views,2026-09-29,citation only; no external implementation or paper redistributed,identity and available publication metadata / passage; not full-paper certification; ,not bundled; source copyright applies
ceri1991,Deriving Production Rules for Incremental View Maintenance,https://www.vldb.org/dblp/db/conf/vldb/CeriW91.html,2026-09-29,citation only; no external implementation or paper redistributed,identity and available publication metadata / passage; not full-paper certification; Confirmed retained pages 577-589 in the VLDB1991 primary catalog.,not bundled; source copyright applies
gupta1993,Maintaining Views Incrementally,https://doi.org/10.1145/170036.170066,2026-09-29,citation only; no external implementation or paper redistributed,identity and available publication metadata / passage; not full-paper certification; ,not bundled; source copyright applies
gupta1995survey,"Maintenance of Materialized Views: Problems, Techniques, and Applications",https://www.vldb.org/dblp/db/journals/debu/GuptaM95.html,2026-09-29,citation only; no external implementation or paper redistributed,identity and available publication metadata / passage; not full-paper certification; ,not bundled; source copyright applies
zhuge1995,View Maintenance in a Warehousing Environment,https://doi.org/10.1145/223784.223848,2026-09-29,citation only; no external implementation or paper redistributed,identity and available publication metadata / passage; not full-paper certification; ,not bundled; source copyright applies
griffin1995,Incremental Maintenance of Views with Duplicates,https://homepages.inf.ed.ac.uk/libkin/publ.html,2026-09-29,citation only; no external implementation or paper redistributed,"identity and available publication metadata / passage; not full-paper certification; Corrected venue to SIGMOD1995, not PODS.",not bundled; source copyright applies
quass1996,Making Views Self-Maintainable for Data Warehousing,https://ieeexplore.ieee.org/document/568677/,2026-09-29,citation only; no external implementation or paper redistributed,identity and available publication metadata / passage; not full-paper certification; ,not bundled; source copyright applies
koch2010,Incremental Query Evaluation in a Ring of Databases,https://simons.berkeley.edu/talks/christoph-koch-epfl-2023-11-16,2026-09-29,citation only; no external implementation or paper redistributed,identity and available publication metadata / passage; not full-paper certification; ,not bundled; source copyright applies
dbtoaster2009,{DBToaster}: A {SQL} Compiler for High-Performance Delta Processing in Main-Memory Databases,https://www.vldb.org/archives/website/2009/q%3Dnode%252F25.html,2026-09-29,citation only; no external implementation or paper redistributed,"identity and available publication metadata / passage; not full-paper certification; The 2009 demo has two authors, Ahmad and Koch; do not copy the four-author 2012 list.",not bundled; source copyright applies
dbtoaster,"{DBToaster}: Higher-order Delta Processing for Dynamic, Frequently Fresh Views",https://arxiv.org/abs/1207.0137,2026-09-29,citation only; no external implementation or paper redistributed,identity and available publication metadata / passage; not full-paper certification; ,not bundled; source copyright applies
fivm,Incremental View Maintenance with Triple Lock Factorization Benefits,https://atiro.turing.ac.uk/esploro/outputs/conferenceProceeding/Incremental-View-Maintenance-with-Triple-Lock/9915901609548,2026-09-29,citation only; no external implementation or paper redistributed,identity and available publication metadata / passage; not full-paper certification; ,not bundled; source copyright applies
fivm2023,{F-IVM}: Analytics over Relational Databases under Updates,https://doi.org/10.1007/s00778-023-00817-w,2026-09-29,citation only; no external implementation or paper redistributed,identity and available publication metadata / passage; not full-paper certification; Retained issue-publication year2024; online publication2023 is not substituted for issue year.,not bundled; source copyright applies
dbsp,{DBSP}: Automatic Incremental View Maintenance for Rich Query Languages,https://doi.org/10.14778/3587136.3587137,2026-09-29,citation only; no external implementation or paper redistributed,identity and available publication metadata / passage; not full-paper certification; ,not bundled; source copyright applies
differential,Differential Dataflow,https://www.cidrdb.org/cidr2013/CIDR2013TOC.html,2026-09-29,citation only; no external implementation or paper redistributed,identity and available publication metadata / passage; not full-paper certification; ,not bundled; source copyright applies
naiad,Naiad: A Timely Dataflow System,https://research.google/pubs/naiad-a-timely-dataflow-system/,2026-09-29,citation only; no external implementation or paper redistributed,identity and available publication metadata / passage; not full-paper certification; ,not bundled; source copyright applies
sharedarrangements,Shared Arrangements: Practical Inter-Query Sharing for Streaming Dataflows,https://www.vldb.org/pvldb/vol13/p1793-mcsherry.pdf,2026-09-29,citation only; no external implementation or paper redistributed,identity and available publication metadata / passage; not full-paper certification; ,not bundled; source copyright applies
changeprop,Change Propagation Without Joins,https://doi.org/10.14778/3579075.3579080,2026-09-29,citation only; no external implementation or paper redistributed,identity and available publication metadata / passage; not full-paper certification; ,not bundled; source copyright applies
green2007semiring,Provenance Semirings,https://www.cs.ucdavis.edu/~green/papers/pods07.pdf,2026-09-29,citation only; no external implementation or paper redistributed,identity and available publication metadata / passage; not full-paper certification; ,not bundled; source copyright applies
green2007diff,Reconcilable Differences,https://doi.org/10.1145/1514894.1514920,2026-09-29,citation only; no external implementation or paper redistributed,"identity and available publication metadata / passage; not full-paper certification; Corrected year to 2009 and venue to the 12th ICDT. The old key is stable, not a year assertion.",not bundled; source copyright applies
faq,{FAQ}: Questions Asked Frequently,https://sigmod2016.sigmodconf.hosting.acm.org/podstoc.html,2026-09-29,citation only; no external implementation or paper redistributed,identity and available publication metadata / passage; not full-paper certification; Corrected BibTeX family-name parsing to Abo Khamis.,not bundled; source copyright applies
factorizeddb,Size Bounds for Factorised Representations of Query Results,https://www.cs.ox.ac.uk/dan.olteanu/publications.html,2026-09-29,citation only; no external implementation or paper redistributed,"identity and available publication metadata / passage; not full-paper certification; Use the 2015 TODS article title, not the related 2012 ICDT title.",not bundled; source copyright applies
triangles,Counting Triangles under Updates in Worst-Case Optimal Time,https://drops.dagstuhl.de/entities/volume/LIPIcs-volume-127,2026-09-29,citation only; no external implementation or paper redistributed,identity and available publication metadata / passage; not full-paper certification; ,not bundled; source copyright applies
aries,{ARIES}: A Transaction Recovery Method Supporting Fine-Granularity Locking and Partial Rollbacks Using Write-Ahead Logging,https://research.ibm.com/publications/aries-a-transaction-recovery-method-supporting-fine-granularity-locking-and-partial-rollbacks-using-write-ahead-logging,2026-09-29,citation only; no external implementation or paper redistributed,identity and available publication metadata / passage; not full-paper certification; ,not bundled; source copyright applies
cpr,Concurrent Prefix Recovery: Performing {CPR} on a Database,https://www.microsoft.com/en-us/research/publication/concurrent-prefix-recovery-performing-cpr-on-a-database/,2026-09-29,citation only; no external implementation or paper redistributed,identity and available publication metadata / passage; not full-paper certification; ,not bundled; source copyright applies
falkirk,Falkirk Wheel: Rollback Recovery for Dataflow Systems,https://acmsocc.org/2021/acm-dl.html,2026-09-29,citation only; no external implementation or paper redistributed,identity and available publication metadata / passage; not full-paper certification; ,not bundled; source copyright applies
chandy1985,Distributed Snapshots: Determining Global States of Distributed Systems,https://www.microsoft.com/en-us/research/publication/distributed-snapshots-determining-global-states-distributed-system/,2026-09-29,citation only; no external implementation or paper redistributed,identity and available publication metadata / passage; not full-paper certification; ,not bundled; source copyright applies
rollback2002,A Survey of Rollback-Recovery Protocols in Message-Passing Systems,https://research.ibm.com/publications/a-survey-of-rollback-recovery-protocols-in-message-passing-systems,2026-09-29,citation only; no external implementation or paper redistributed,identity and available publication metadata / passage; not full-paper certification; ,not bundled; source copyright applies
millwheel,MillWheel: Fault-Tolerant Stream Processing at Internet Scale,https://research.google/pubs/millwheel-fault-tolerant-stream-processing-at-internet-scale/,2026-09-29,citation only; no external implementation or paper redistributed,identity and available publication metadata / passage; not full-paper certification; ,not bundled; source copyright applies
flinksnapshots,Lightweight Asynchronous Snapshots for Distributed Dataflows,https://arxiv.org/abs/1506.08603,2026-09-29,citation only; no external implementation or paper redistributed,"identity and available publication metadata / passage; not full-paper certification; Classified as arXiv report 1506.08603, not USENIX ATC proceedings.",not bundled; source copyright applies
dstreams,Discretized Streams: Fault-Tolerant Streaming Computation at Scale,https://amplab.cs.berkeley.edu/publication/discretized-streams-fault-tolerant-streaming-computation-at-scale/,2026-09-29,citation only; no external implementation or paper redistributed,identity and available publication metadata / passage; not full-paper certification; ,not bundled; source copyright applies
rdd,Resilient Distributed Datasets: A Fault-Tolerant Abstraction for In-Memory Cluster Computing,https://www.usenix.org/conference/nsdi12/technical-sessions/presentation/zaharia,2026-09-29,citation only; no external implementation or paper redistributed,identity and available publication metadata / passage; not full-paper certification; ,not bundled; source copyright applies
dataflowmodel,"The Dataflow Model: A Practical Approach to Balancing Correctness, Latency, and Cost in Massive-Scale, Unbounded, Out-of-Order Data Processing",https://research.google/pubs/the-dataflow-model-a-practical-approach-to-balancing-correctness-latency-and-cost-in-massive-scale-unbounded-out-of-order-data-processing/,2026-09-29,citation only; no external implementation or paper redistributed,identity and available publication metadata / passage; not full-paper certification; ,not bundled; source copyright applies
stream,{STREAM}: The Stanford Stream Data Manager,https://sigmod.org/publications/discs/2004/out/a_arvind_arasu.htm,2026-09-29,citation only; no external implementation or paper redistributed,identity and available publication metadata / passage; not full-paper certification; ,not bundled; source copyright applies
aurora,Aurora: A New Model and Architecture for Data Stream Management,https://dslam.cs.umd.edu/,2026-09-29,citation only; no external implementation or paper redistributed,identity and available publication metadata / passage; not full-paper certification; ,not bundled; source copyright applies
borealis,The Design of the Borealis Stream Processing Engine,https://researchconnect.suny.edu/en/publications/the-design-of-the-borealis-stream-processing-engine/,2026-09-29,citation only; no external implementation or paper redistributed,identity and available publication metadata / passage; not full-paper certification; ,not bundled; source copyright applies
pgval,How Reliable Are Streams? End-to-End Processing-Guarantee Validation and Performance Benchmarking of Stream Processing Systems,https://www.vldb.org/pvldb/vol18/p585-tahir.pdf,2026-09-29,citation only; no external implementation or paper redistributed,"identity and available publication metadata / passage; not full-paper certification; Primary first-page citation says PVLDB18(3),2024; do not substitute a later index date.",not bundled; source copyright applies
dbaas,Executing {SQL} over Encrypted Data in the Database-Service-Provider Model,https://sprout.ics.uci.edu/past_projects/odb/index.html,2026-09-29,citation only; no external implementation or paper redistributed,identity and available publication metadata / passage; not full-paper certification; ,not bundled; source copyright applies
sion2005,Query Execution Assurance for Outsourced Databases,https://researchconnect.stonybrook.edu/en/publications/query-execution-assurance-for-outsourced-databases/,2026-09-29,citation only; no external implementation or paper redistributed,identity and available publication metadata / passage; not full-paper certification; ,not bundled; source copyright applies
pang2005,Verifying Completeness of Relational Query Results in Data Publishing,https://ink.library.smu.edu.sg/sis_research/1136/,2026-09-29,citation only; no external implementation or paper redistributed,identity and available publication metadata / passage; not full-paper certification; ,not bundled; source copyright applies
dynamicads,Dynamic Authenticated Index Structures for Outsourced Databases,https://www.cs.bu.edu/~reyzin/auth-db.html,2026-09-29,citation only; no external implementation or paper redistributed,identity and available publication metadata / passage; not full-paper certification; ,not bundled; source copyright applies
mykletun2006,Authentication and Integrity in Outsourced Databases,https://doi.org/10.1145/1149976.1149977,2026-09-29,citation only; no external implementation or paper redistributed,identity and available publication metadata / passage; not full-paper certification; ,not bundled; source copyright applies
proofinfused,Proof-Infused Streams: Enabling Authentication of Sliding Window Queries on Streams,https://www.vldb.org/archives/website/2007/program/accepted_papers.html,2026-09-29,citation only; no external implementation or paper redistributed,identity and available publication metadata / passage; not full-paper certification; ,not bundled; source copyright applies
cads,{CADS}: Continuous Authentication on Data Streams,https://elmi.hbku.edu.qa/en/publications/cads-continuous-authentication-on-data-streams/,2026-09-29,citation only; no external implementation or paper redistributed,identity and available publication metadata / passage; not full-paper certification; ,not bundled; source copyright applies
xie2007,Integrity Auditing of Outsourced Data,https://www.vldb.org/archives/website/2007/program/accepted_papers.html,2026-09-29,citation only; no external implementation or paper redistributed,identity and available publication metadata / passage; not full-paper certification; ,not bundled; source copyright applies
pirs,Randomized Synopses for Query Assurance on Data Streams,https://www.cs.bu.edu/~gkollios/Papers/ICDE08pirs.pdf,2026-09-29,citation only; no external implementation or paper redistributed,"identity and available publication metadata / passage; not full-paper certification; Corrected author order: Yi, Li, Hadjieleftheriou, Kollios, Srivastava; parsed author PDF used, screenshot retrieval failed.",not bundled; source copyright applies
authjoin,Authenticated Join Processing in Outsourced Databases,https://sigmod.org/publications/discs/2009/SIGMOD2009.htm,2026-09-29,citation only; no external implementation or paper redistributed,identity and available publication metadata / passage; not full-paper certification; Publisher SIGMOD2009 catalog and author KAUST list give 5-18; HBKU metadata gives 5-17 and is not used for pagination.,not bundled; source copyright applies
correctdb,{CorrectDB}: {SQL} Engine with Practical Query Authentication,https://researchconnect.suny.edu/en/publications/correctdb-sql-engine-with-practical-query-authentication/,2026-09-29,citation only; no external implementation or paper redistributed,identity and available publication metadata / passage; not full-paper certification; SUNY author record explicitly gives retained 2536349.2536353 DOI and 6(7):529-540. An index also exposes 2536360.2536370; no assertion that alternate identifiers are false.,not bundled; source copyright applies
integridb,{IntegriDB}: Verifiable {SQL} for Outsourced Databases,https://experts.illinois.edu/en/publications/integridb-verifiable-sql-for-outsourced-databases/,2026-09-29,citation only; no external implementation or paper redistributed,identity and available publication metadata / passage; not full-paper certification; ,not bundled; source copyright applies
vsql,{vSQL}: Verifying Arbitrary {SQL} Queries over Dynamic Outsourced Databases,https://www.ieee-security.org/TC/SP2017/program-papers.html,2026-09-29,citation only; no external implementation or paper redistributed,identity and available publication metadata / passage; not full-paper certification; ,not bundled; source copyright applies
poneglyph,{PoneglyphDB}: Efficient Non-interactive Zero-Knowledge Proofs for Arbitrary {SQL}-Query Verification,https://arxiv.org/abs/2411.15031,2026-09-29,citation only; no external implementation or paper redistributed,identity and available publication metadata / passage; not full-paper certification; ,not bundled; source copyright applies
sip,Verifying Computations with Streaming Interactive Proofs,https://researchportal.hkust.edu.hk/en/publications/verifying-computations-with-streaming-interactive-proofs/,2026-09-29,citation only; no external implementation or paper redistributed,identity and available publication metadata / passage; not full-paper certification; ,not bundled; source copyright applies
practicalsip,Practical Verified Computation with Streaming Interactive Proofs,https://people.cs.georgetown.edu/jthaler/,2026-09-29,citation only; no external implementation or paper redistributed,identity and available publication metadata / passage; not full-paper certification; ,not bundled; source copyright applies
gkr,Delegating Computation: Interactive Proofs for Muggles,https://toc.csail.mit.edu/node/148,2026-09-29,citation only; no external implementation or paper redistributed,identity and available publication metadata / passage; not full-paper certification; ,not bundled; source copyright applies
pepper,Resolving the Conflict between Generality and Plausibility in Verified Computation,https://www.microsoft.com/en-us/research/publication/resolving-the-conflict-between-generality-and-plausibility-in-verified-computation/?lang=ko-kr,2026-09-29,citation only; no external implementation or paper redistributed,identity and available publication metadata / passage; not full-paper certification; Corrected venue to EuroSys2013 and verified proceedings pages/DOI.,not bundled; source copyright applies
pinocchio,Pinocchio: Nearly Practical Verifiable Computation,https://research.ibm.com/publications/pinocchio-nearly-practical-verifiable-computation--1,2026-09-29,citation only; no external implementation or paper redistributed,identity and available publication metadata / passage; not full-paper certification; ,not bundled; source copyright applies
spartan,Spartan: Efficient and General-Purpose {zkSNARKs} without Trusted Setup,https://www.microsoft.com/en-us/research/publication/spartan-efficient-and-general-purpose-zksnarks-without-trusted-setup/,2026-09-29,citation only; no external implementation or paper redistributed,identity and available publication metadata / passage; not full-paper certification; ,not bundled; source copyright applies
merkle,A Digital Signature Based on a Conventional Encryption Function,https://link.springer.com/chapter/10.1007/3-540-48184-2_32,2026-09-29,citation only; no external implementation or paper redistributed,identity and available publication metadata / passage; not full-paper certification; ,not bundled; source copyright applies
goodrich,Super-Efficient Verification of Dynamic Outsourced Databases,https://cs.brown.edu/cgc/stms/,2026-09-29,citation only; no external implementation or paper redistributed,identity and available publication metadata / passage; not full-paper certification; ,not bundled; source copyright applies
tamassia,Authenticated Data Structures,https://link.springer.com/chapter/10.1007/978-3-540-39658-1_2,2026-09-29,citation only; no external implementation or paper redistributed,identity and available publication metadata / passage; not full-paper certification; ,not bundled; source copyright applies
schwartz,Fast Probabilistic Algorithms for Verification of Polynomial Identities,https://projects.csail.mit.edu/jacm/Authors/schwartzjacobt.html,2026-09-29,citation only; no external implementation or paper redistributed,identity and available publication metadata / passage; not full-paper certification; ,not bundled; source copyright applies
zippel,Probabilistic Algorithms for Sparse Polynomials,https://link.springer.com/chapter/10.1007/3-540-09519-5_73,2026-09-29,citation only; no external implementation or paper redistributed,identity and available publication metadata / passage; not full-paper certification; ,not bundled; source copyright applies
demillo,A Probabilistic Remark on Algebraic Program Testing,https://www.sciencedirect.com/science/article/abs/pii/0020019078900674,2026-09-29,citation only; no external implementation or paper redistributed,identity and available publication metadata / passage; not full-paper certification; ,not bundled; source copyright applies
freivalds,Fast Probabilistic Algorithms,https://link.springer.com/book/10.1007/3-540-09526-8,2026-09-29,citation only; no external implementation or paper redistributed,identity and available publication metadata / passage; not full-paper certification; ,not bundled; source copyright applies
carterwegman,Universal Classes of Hash Functions,https://www.sciencedirect.com/science/article/pii/0022000079900448,2026-09-29,citation only; no external implementation or paper redistributed,identity and available publication metadata / passage; not full-paper certification; ,not bundled; source copyright applies
wegmancarter,New Hash Functions and Their Use in Authentication and Set Equality,https://www.sciencedirect.com/science/article/pii/0022000081900337,2026-09-29,citation only; no external implementation or paper redistributed,identity and available publication metadata / passage; not full-paper certification; ,not bundled; source copyright applies
ams,The Space Complexity of Approximating the Frequency Moments,https://doi.org/10.1145/237814.237823,2026-09-29,citation only; no external implementation or paper redistributed,identity and available publication metadata / passage; not full-paper certification; ,not bundled; source copyright applies
countmin,An Improved Data Stream Summary: The Count-Min Sketch and Its Applications,https://www.sciencedirect.com/science/article/abs/pii/S0196677403001913,2026-09-29,citation only; no external implementation or paper redistributed,identity and available publication metadata / passage; not full-paper certification; ,not bundled; source copyright applies
randomized,Randomized Algorithms,https://www.cambridge.org/core/books/randomized-algorithms/6A3E5CD760B0DDBA3794A100EE2843E8,2026-09-29,citation only; no external implementation or paper redistributed,"identity and available publication metadata / passage; not full-paper certification; Print-publication year1995 retained, not electronic-publication date2013.",not bundled; source copyright applies
