r,s,dr,ds,three_term_ok,two_term_ok,without_cross_ok
-2,-2,-2,-2,1,1,0
-2,-2,-2,-1,1,1,0
-2,-2,-2,0,1,1,1
-2,-2,-2,1,1,1,0
-2,-2,-2,2,1,1,0
-2,-2,-1,-2,1,1,0
-2,-2,-1,-1,1,1,0
-2,-2,-1,0,1,1,1
-2,-2,-1,1,1,1,0
-2,-2,-1,2,1,1,0
-2,-2,0,-2,1,1,1
-2,-2,0,-1,1,1,1
-2,-2,0,0,1,1,1
-2,-2,0,1,1,1,1
-2,-2,0,2,1,1,1
-2,-2,1,-2,1,1,0
-2,-2,1,-1,1,1,0
-2,-2,1,0,1,1,1
-2,-2,1,1,1,1,0
-2,-2,1,2,1,1,0
-2,-2,2,-2,1,1,0
-2,-2,2,-1,1,1,0
-2,-2,2,0,1,1,1
-2,-2,2,1,1,1,0
-2,-2,2,2,1,1,0
-2,-1,-2,-2,1,1,0
-2,-1,-2,-1,1,1,0
-2,-1,-2,0,1,1,1
-2,-1,-2,1,1,1,0
-2,-1,-2,2,1,1,0
-2,-1,-1,-2,1,1,0
-2,-1,-1,-1,1,1,0
-2,-1,-1,0,1,1,1
-2,-1,-1,1,1,1,0
-2,-1,-1,2,1,1,0
-2,-1,0,-2,1,1,1
-2,-1,0,-1,1,1,1
-2,-1,0,0,1,1,1
-2,-1,0,1,1,1,1
-2,-1,0,2,1,1,1
-2,-1,1,-2,1,1,0
-2,-1,1,-1,1,1,0
-2,-1,1,0,1,1,1
-2,-1,1,1,1,1,0
-2,-1,1,2,1,1,0
-2,-1,2,-2,1,1,0
-2,-1,2,-1,1,1,0
-2,-1,2,0,1,1,1
-2,-1,2,1,1,1,0
-2,-1,2,2,1,1,0
-2,0,-2,-2,1,1,0
-2,0,-2,-1,1,1,0
-2,0,-2,0,1,1,1
-2,0,-2,1,1,1,0
-2,0,-2,2,1,1,0
-2,0,-1,-2,1,1,0
-2,0,-1,-1,1,1,0
-2,0,-1,0,1,1,1
-2,0,-1,1,1,1,0
-2,0,-1,2,1,1,0
-2,0,0,-2,1,1,1
-2,0,0,-1,1,1,1
-2,0,0,0,1,1,1
-2,0,0,1,1,1,1
-2,0,0,2,1,1,1
-2,0,1,-2,1,1,0
-2,0,1,-1,1,1,0
-2,0,1,0,1,1,1
-2,0,1,1,1,1,0
-2,0,1,2,1,1,0
-2,0,2,-2,1,1,0
-2,0,2,-1,1,1,0
-2,0,2,0,1,1,1
-2,0,2,1,1,1,0
-2,0,2,2,1,1,0
-2,1,-2,-2,1,1,0
-2,1,-2,-1,1,1,0
-2,1,-2,0,1,1,1
-2,1,-2,1,1,1,0
-2,1,-2,2,1,1,0
-2,1,-1,-2,1,1,0
-2,1,-1,-1,1,1,0
-2,1,-1,0,1,1,1
-2,1,-1,1,1,1,0
-2,1,-1,2,1,1,0
-2,1,0,-2,1,1,1
-2,1,0,-1,1,1,1
-2,1,0,0,1,1,1
-2,1,0,1,1,1,1
-2,1,0,2,1,1,1
-2,1,1,-2,1,1,0
-2,1,1,-1,1,1,0
-2,1,1,0,1,1,1
-2,1,1,1,1,1,0
-2,1,1,2,1,1,0
-2,1,2,-2,1,1,0
-2,1,2,-1,1,1,0
-2,1,2,0,1,1,1
-2,1,2,1,1,1,0
-2,1,2,2,1,1,0
-2,2,-2,-2,1,1,0
-2,2,-2,-1,1,1,0
-2,2,-2,0,1,1,1
-2,2,-2,1,1,1,0
-2,2,-2,2,1,1,0
-2,2,-1,-2,1,1,0
-2,2,-1,-1,1,1,0
-2,2,-1,0,1,1,1
-2,2,-1,1,1,1,0
-2,2,-1,2,1,1,0
-2,2,0,-2,1,1,1
-2,2,0,-1,1,1,1
-2,2,0,0,1,1,1
-2,2,0,1,1,1,1
-2,2,0,2,1,1,1
-2,2,1,-2,1,1,0
-2,2,1,-1,1,1,0
-2,2,1,0,1,1,1
-2,2,1,1,1,1,0
-2,2,1,2,1,1,0
-2,2,2,-2,1,1,0
-2,2,2,-1,1,1,0
-2,2,2,0,1,1,1
-2,2,2,1,1,1,0
-2,2,2,2,1,1,0
-1,-2,-2,-2,1,1,0
-1,-2,-2,-1,1,1,0
-1,-2,-2,0,1,1,1
-1,-2,-2,1,1,1,0
-1,-2,-2,2,1,1,0
-1,-2,-1,-2,1,1,0
-1,-2,-1,-1,1,1,0
-1,-2,-1,0,1,1,1
-1,-2,-1,1,1,1,0
-1,-2,-1,2,1,1,0
-1,-2,0,-2,1,1,1
-1,-2,0,-1,1,1,1
-1,-2,0,0,1,1,1
-1,-2,0,1,1,1,1
-1,-2,0,2,1,1,1
-1,-2,1,-2,1,1,0
-1,-2,1,-1,1,1,0
-1,-2,1,0,1,1,1
-1,-2,1,1,1,1,0
-1,-2,1,2,1,1,0
-1,-2,2,-2,1,1,0
-1,-2,2,-1,1,1,0
-1,-2,2,0,1,1,1
-1,-2,2,1,1,1,0
-1,-2,2,2,1,1,0
-1,-1,-2,-2,1,1,0
-1,-1,-2,-1,1,1,0
-1,-1,-2,0,1,1,1
-1,-1,-2,1,1,1,0
-1,-1,-2,2,1,1,0
-1,-1,-1,-2,1,1,0
-1,-1,-1,-1,1,1,0
-1,-1,-1,0,1,1,1
-1,-1,-1,1,1,1,0
-1,-1,-1,2,1,1,0
-1,-1,0,-2,1,1,1
-1,-1,0,-1,1,1,1
-1,-1,0,0,1,1,1
-1,-1,0,1,1,1,1
-1,-1,0,2,1,1,1
-1,-1,1,-2,1,1,0
-1,-1,1,-1,1,1,0
-1,-1,1,0,1,1,1
-1,-1,1,1,1,1,0
-1,-1,1,2,1,1,0
-1,-1,2,-2,1,1,0
-1,-1,2,-1,1,1,0
-1,-1,2,0,1,1,1
-1,-1,2,1,1,1,0
-1,-1,2,2,1,1,0
-1,0,-2,-2,1,1,0
-1,0,-2,-1,1,1,0
-1,0,-2,0,1,1,1
-1,0,-2,1,1,1,0
-1,0,-2,2,1,1,0
-1,0,-1,-2,1,1,0
-1,0,-1,-1,1,1,0
-1,0,-1,0,1,1,1
-1,0,-1,1,1,1,0
-1,0,-1,2,1,1,0
-1,0,0,-2,1,1,1
-1,0,0,-1,1,1,1
-1,0,0,0,1,1,1
-1,0,0,1,1,1,1
-1,0,0,2,1,1,1
-1,0,1,-2,1,1,0
-1,0,1,-1,1,1,0
-1,0,1,0,1,1,1
-1,0,1,1,1,1,0
-1,0,1,2,1,1,0
-1,0,2,-2,1,1,0
-1,0,2,-1,1,1,0
-1,0,2,0,1,1,1
-1,0,2,1,1,1,0
-1,0,2,2,1,1,0
-1,1,-2,-2,1,1,0
-1,1,-2,-1,1,1,0
-1,1,-2,0,1,1,1
-1,1,-2,1,1,1,0
-1,1,-2,2,1,1,0
-1,1,-1,-2,1,1,0
-1,1,-1,-1,1,1,0
-1,1,-1,0,1,1,1
-1,1,-1,1,1,1,0
-1,1,-1,2,1,1,0
-1,1,0,-2,1,1,1
-1,1,0,-1,1,1,1
-1,1,0,0,1,1,1
-1,1,0,1,1,1,1
-1,1,0,2,1,1,1
-1,1,1,-2,1,1,0
-1,1,1,-1,1,1,0
-1,1,1,0,1,1,1
-1,1,1,1,1,1,0
-1,1,1,2,1,1,0
-1,1,2,-2,1,1,0
-1,1,2,-1,1,1,0
-1,1,2,0,1,1,1
-1,1,2,1,1,1,0
-1,1,2,2,1,1,0
-1,2,-2,-2,1,1,0
-1,2,-2,-1,1,1,0
-1,2,-2,0,1,1,1
-1,2,-2,1,1,1,0
-1,2,-2,2,1,1,0
-1,2,-1,-2,1,1,0
-1,2,-1,-1,1,1,0
-1,2,-1,0,1,1,1
-1,2,-1,1,1,1,0
-1,2,-1,2,1,1,0
-1,2,0,-2,1,1,1
-1,2,0,-1,1,1,1
-1,2,0,0,1,1,1
-1,2,0,1,1,1,1
-1,2,0,2,1,1,1
-1,2,1,-2,1,1,0
-1,2,1,-1,1,1,0
-1,2,1,0,1,1,1
-1,2,1,1,1,1,0
-1,2,1,2,1,1,0
-1,2,2,-2,1,1,0
-1,2,2,-1,1,1,0
-1,2,2,0,1,1,1
-1,2,2,1,1,1,0
-1,2,2,2,1,1,0
0,-2,-2,-2,1,1,0
0,-2,-2,-1,1,1,0
0,-2,-2,0,1,1,1
0,-2,-2,1,1,1,0
0,-2,-2,2,1,1,0
0,-2,-1,-2,1,1,0
0,-2,-1,-1,1,1,0
0,-2,-1,0,1,1,1
0,-2,-1,1,1,1,0
0,-2,-1,2,1,1,0
0,-2,0,-2,1,1,1
0,-2,0,-1,1,1,1
0,-2,0,0,1,1,1
0,-2,0,1,1,1,1
0,-2,0,2,1,1,1
0,-2,1,-2,1,1,0
0,-2,1,-1,1,1,0
0,-2,1,0,1,1,1
0,-2,1,1,1,1,0
0,-2,1,2,1,1,0
0,-2,2,-2,1,1,0
0,-2,2,-1,1,1,0
0,-2,2,0,1,1,1
0,-2,2,1,1,1,0
0,-2,2,2,1,1,0
0,-1,-2,-2,1,1,0
0,-1,-2,-1,1,1,0
0,-1,-2,0,1,1,1
0,-1,-2,1,1,1,0
0,-1,-2,2,1,1,0
0,-1,-1,-2,1,1,0
0,-1,-1,-1,1,1,0
0,-1,-1,0,1,1,1
0,-1,-1,1,1,1,0
0,-1,-1,2,1,1,0
0,-1,0,-2,1,1,1
0,-1,0,-1,1,1,1
0,-1,0,0,1,1,1
0,-1,0,1,1,1,1
0,-1,0,2,1,1,1
0,-1,1,-2,1,1,0
0,-1,1,-1,1,1,0
0,-1,1,0,1,1,1
0,-1,1,1,1,1,0
0,-1,1,2,1,1,0
0,-1,2,-2,1,1,0
0,-1,2,-1,1,1,0
0,-1,2,0,1,1,1
0,-1,2,1,1,1,0
0,-1,2,2,1,1,0
0,0,-2,-2,1,1,0
0,0,-2,-1,1,1,0
0,0,-2,0,1,1,1
0,0,-2,1,1,1,0
0,0,-2,2,1,1,0
0,0,-1,-2,1,1,0
0,0,-1,-1,1,1,0
0,0,-1,0,1,1,1
0,0,-1,1,1,1,0
0,0,-1,2,1,1,0
0,0,0,-2,1,1,1
0,0,0,-1,1,1,1
0,0,0,0,1,1,1
0,0,0,1,1,1,1
0,0,0,2,1,1,1
0,0,1,-2,1,1,0
0,0,1,-1,1,1,0
0,0,1,0,1,1,1
0,0,1,1,1,1,0
0,0,1,2,1,1,0
0,0,2,-2,1,1,0
0,0,2,-1,1,1,0
0,0,2,0,1,1,1
0,0,2,1,1,1,0
0,0,2,2,1,1,0
0,1,-2,-2,1,1,0
0,1,-2,-1,1,1,0
0,1,-2,0,1,1,1
0,1,-2,1,1,1,0
0,1,-2,2,1,1,0
0,1,-1,-2,1,1,0
0,1,-1,-1,1,1,0
0,1,-1,0,1,1,1
0,1,-1,1,1,1,0
0,1,-1,2,1,1,0
0,1,0,-2,1,1,1
0,1,0,-1,1,1,1
0,1,0,0,1,1,1
0,1,0,1,1,1,1
0,1,0,2,1,1,1
0,1,1,-2,1,1,0
0,1,1,-1,1,1,0
0,1,1,0,1,1,1
0,1,1,1,1,1,0
0,1,1,2,1,1,0
0,1,2,-2,1,1,0
0,1,2,-1,1,1,0
0,1,2,0,1,1,1
0,1,2,1,1,1,0
0,1,2,2,1,1,0
0,2,-2,-2,1,1,0
0,2,-2,-1,1,1,0
0,2,-2,0,1,1,1
0,2,-2,1,1,1,0
0,2,-2,2,1,1,0
0,2,-1,-2,1,1,0
0,2,-1,-1,1,1,0
0,2,-1,0,1,1,1
0,2,-1,1,1,1,0
0,2,-1,2,1,1,0
0,2,0,-2,1,1,1
0,2,0,-1,1,1,1
0,2,0,0,1,1,1
0,2,0,1,1,1,1
0,2,0,2,1,1,1
0,2,1,-2,1,1,0
0,2,1,-1,1,1,0
0,2,1,0,1,1,1
0,2,1,1,1,1,0
0,2,1,2,1,1,0
0,2,2,-2,1,1,0
0,2,2,-1,1,1,0
0,2,2,0,1,1,1
0,2,2,1,1,1,0
0,2,2,2,1,1,0
1,-2,-2,-2,1,1,0
1,-2,-2,-1,1,1,0
1,-2,-2,0,1,1,1
1,-2,-2,1,1,1,0
1,-2,-2,2,1,1,0
1,-2,-1,-2,1,1,0
1,-2,-1,-1,1,1,0
1,-2,-1,0,1,1,1
1,-2,-1,1,1,1,0
1,-2,-1,2,1,1,0
1,-2,0,-2,1,1,1
1,-2,0,-1,1,1,1
1,-2,0,0,1,1,1
1,-2,0,1,1,1,1
1,-2,0,2,1,1,1
1,-2,1,-2,1,1,0
1,-2,1,-1,1,1,0
1,-2,1,0,1,1,1
1,-2,1,1,1,1,0
1,-2,1,2,1,1,0
1,-2,2,-2,1,1,0
1,-2,2,-1,1,1,0
1,-2,2,0,1,1,1
1,-2,2,1,1,1,0
1,-2,2,2,1,1,0
1,-1,-2,-2,1,1,0
1,-1,-2,-1,1,1,0
1,-1,-2,0,1,1,1
1,-1,-2,1,1,1,0
1,-1,-2,2,1,1,0
1,-1,-1,-2,1,1,0
1,-1,-1,-1,1,1,0
1,-1,-1,0,1,1,1
1,-1,-1,1,1,1,0
1,-1,-1,2,1,1,0
1,-1,0,-2,1,1,1
1,-1,0,-1,1,1,1
1,-1,0,0,1,1,1
1,-1,0,1,1,1,1
1,-1,0,2,1,1,1
1,-1,1,-2,1,1,0
1,-1,1,-1,1,1,0
1,-1,1,0,1,1,1
1,-1,1,1,1,1,0
1,-1,1,2,1,1,0
1,-1,2,-2,1,1,0
1,-1,2,-1,1,1,0
1,-1,2,0,1,1,1
1,-1,2,1,1,1,0
1,-1,2,2,1,1,0
1,0,-2,-2,1,1,0
1,0,-2,-1,1,1,0
1,0,-2,0,1,1,1
1,0,-2,1,1,1,0
1,0,-2,2,1,1,0
1,0,-1,-2,1,1,0
1,0,-1,-1,1,1,0
1,0,-1,0,1,1,1
1,0,-1,1,1,1,0
1,0,-1,2,1,1,0
1,0,0,-2,1,1,1
1,0,0,-1,1,1,1
1,0,0,0,1,1,1
1,0,0,1,1,1,1
1,0,0,2,1,1,1
1,0,1,-2,1,1,0
1,0,1,-1,1,1,0
1,0,1,0,1,1,1
1,0,1,1,1,1,0
1,0,1,2,1,1,0
1,0,2,-2,1,1,0
1,0,2,-1,1,1,0
1,0,2,0,1,1,1
1,0,2,1,1,1,0
1,0,2,2,1,1,0
1,1,-2,-2,1,1,0
1,1,-2,-1,1,1,0
1,1,-2,0,1,1,1
1,1,-2,1,1,1,0
1,1,-2,2,1,1,0
1,1,-1,-2,1,1,0
1,1,-1,-1,1,1,0
1,1,-1,0,1,1,1
1,1,-1,1,1,1,0
1,1,-1,2,1,1,0
1,1,0,-2,1,1,1
1,1,0,-1,1,1,1
1,1,0,0,1,1,1
1,1,0,1,1,1,1
1,1,0,2,1,1,1
1,1,1,-2,1,1,0
1,1,1,-1,1,1,0
1,1,1,0,1,1,1
1,1,1,1,1,1,0
1,1,1,2,1,1,0
1,1,2,-2,1,1,0
1,1,2,-1,1,1,0
1,1,2,0,1,1,1
1,1,2,1,1,1,0
1,1,2,2,1,1,0
1,2,-2,-2,1,1,0
1,2,-2,-1,1,1,0
1,2,-2,0,1,1,1
1,2,-2,1,1,1,0
1,2,-2,2,1,1,0
1,2,-1,-2,1,1,0
1,2,-1,-1,1,1,0
1,2,-1,0,1,1,1
1,2,-1,1,1,1,0
1,2,-1,2,1,1,0
1,2,0,-2,1,1,1
1,2,0,-1,1,1,1
1,2,0,0,1,1,1
1,2,0,1,1,1,1
1,2,0,2,1,1,1
1,2,1,-2,1,1,0
1,2,1,-1,1,1,0
1,2,1,0,1,1,1
1,2,1,1,1,1,0
1,2,1,2,1,1,0
1,2,2,-2,1,1,0
1,2,2,-1,1,1,0
1,2,2,0,1,1,1
1,2,2,1,1,1,0
1,2,2,2,1,1,0
2,-2,-2,-2,1,1,0
2,-2,-2,-1,1,1,0
2,-2,-2,0,1,1,1
2,-2,-2,1,1,1,0
2,-2,-2,2,1,1,0
2,-2,-1,-2,1,1,0
2,-2,-1,-1,1,1,0
2,-2,-1,0,1,1,1
2,-2,-1,1,1,1,0
2,-2,-1,2,1,1,0
2,-2,0,-2,1,1,1
2,-2,0,-1,1,1,1
2,-2,0,0,1,1,1
2,-2,0,1,1,1,1
2,-2,0,2,1,1,1
2,-2,1,-2,1,1,0
2,-2,1,-1,1,1,0
2,-2,1,0,1,1,1
2,-2,1,1,1,1,0
2,-2,1,2,1,1,0
2,-2,2,-2,1,1,0
2,-2,2,-1,1,1,0
2,-2,2,0,1,1,1
2,-2,2,1,1,1,0
2,-2,2,2,1,1,0
2,-1,-2,-2,1,1,0
2,-1,-2,-1,1,1,0
2,-1,-2,0,1,1,1
2,-1,-2,1,1,1,0
2,-1,-2,2,1,1,0
2,-1,-1,-2,1,1,0
2,-1,-1,-1,1,1,0
2,-1,-1,0,1,1,1
2,-1,-1,1,1,1,0
2,-1,-1,2,1,1,0
2,-1,0,-2,1,1,1
2,-1,0,-1,1,1,1
2,-1,0,0,1,1,1
2,-1,0,1,1,1,1
2,-1,0,2,1,1,1
2,-1,1,-2,1,1,0
2,-1,1,-1,1,1,0
2,-1,1,0,1,1,1
2,-1,1,1,1,1,0
2,-1,1,2,1,1,0
2,-1,2,-2,1,1,0
2,-1,2,-1,1,1,0
2,-1,2,0,1,1,1
2,-1,2,1,1,1,0
2,-1,2,2,1,1,0
2,0,-2,-2,1,1,0
2,0,-2,-1,1,1,0
2,0,-2,0,1,1,1
2,0,-2,1,1,1,0
2,0,-2,2,1,1,0
2,0,-1,-2,1,1,0
2,0,-1,-1,1,1,0
2,0,-1,0,1,1,1
2,0,-1,1,1,1,0
2,0,-1,2,1,1,0
2,0,0,-2,1,1,1
2,0,0,-1,1,1,1
2,0,0,0,1,1,1
2,0,0,1,1,1,1
2,0,0,2,1,1,1
2,0,1,-2,1,1,0
2,0,1,-1,1,1,0
2,0,1,0,1,1,1
2,0,1,1,1,1,0
2,0,1,2,1,1,0
2,0,2,-2,1,1,0
2,0,2,-1,1,1,0
2,0,2,0,1,1,1
2,0,2,1,1,1,0
2,0,2,2,1,1,0
2,1,-2,-2,1,1,0
2,1,-2,-1,1,1,0
2,1,-2,0,1,1,1
2,1,-2,1,1,1,0
2,1,-2,2,1,1,0
2,1,-1,-2,1,1,0
2,1,-1,-1,1,1,0
2,1,-1,0,1,1,1
2,1,-1,1,1,1,0
2,1,-1,2,1,1,0
2,1,0,-2,1,1,1
2,1,0,-1,1,1,1
2,1,0,0,1,1,1
2,1,0,1,1,1,1
2,1,0,2,1,1,1
2,1,1,-2,1,1,0
2,1,1,-1,1,1,0
2,1,1,0,1,1,1
2,1,1,1,1,1,0
2,1,1,2,1,1,0
2,1,2,-2,1,1,0
2,1,2,-1,1,1,0
2,1,2,0,1,1,1
2,1,2,1,1,1,0
2,1,2,2,1,1,0
2,2,-2,-2,1,1,0
2,2,-2,-1,1,1,0
2,2,-2,0,1,1,1
2,2,-2,1,1,1,0
2,2,-2,2,1,1,0
2,2,-1,-2,1,1,0
2,2,-1,-1,1,1,0
2,2,-1,0,1,1,1
2,2,-1,1,1,1,0
2,2,-1,2,1,1,0
2,2,0,-2,1,1,1
2,2,0,-1,1,1,1
2,2,0,0,1,1,1
2,2,0,1,1,1,1
2,2,0,2,1,1,1
2,2,1,-2,1,1,0
2,2,1,-1,1,1,0
2,2,1,0,1,1,1
2,2,1,1,1,1,0
2,2,1,2,1,1,0
2,2,2,-2,1,1,0
2,2,2,-1,1,1,0
2,2,2,0,1,1,1
2,2,2,1,1,1,0
2,2,2,2,1,1,0
