case,mode,accepted,expected
variation,target,0,0
variation,structural,0,0
variation,factorized,0,0
positive-endpoint,target,1,1
positive-endpoint,structural,1,1
positive-endpoint,factorized,1,1
negative-minimum,target,0,0
negative-minimum,structural,0,0
negative-minimum,factorized,0,0
negative-nonbag,target,0,0
negative-nonbag,structural,0,0
negative-nonbag,factorized,0,0
nonproduction-modulus-4,factorized,0,0
nonproduction-modulus-17,factorized,0,0
nonproduction-modulus-101,factorized,0,0
nonproduction-modulus-True,factorized,0,0
nonproduction-modulus-170141183460469231731687303715884105729,factorized,0,0
