mode,case,rejected
structural,unadmitted-all-flushed,1
structural,wrong-marker,1
structural,after-admission-r,1
structural,after-publication-r,1
structural,after-admission-s,1
structural,after-publication-s,1
structural,after-admission-selection,1
structural,after-publication-selection,1
structural,after-admission-joined,1
structural,after-publication-joined,1
structural,after-admission-grouped,1
structural,after-publication-grouped,1
structural,after-admission-metadata,1
structural,after-publication-metadata,1
structural,forged-metadata,1
structural,challenge-before-commit,1
structural,admit-before-challenge,1
structural,stale-marker,1
factorized,unadmitted-all-flushed,1
factorized,wrong-marker,1
factorized,after-admission-r,1
factorized,after-publication-r,1
factorized,after-admission-s,1
factorized,after-publication-s,1
factorized,after-admission-selection,1
factorized,after-publication-selection,1
factorized,after-admission-joined,1
factorized,after-publication-joined,1
factorized,after-admission-grouped,1
factorized,after-publication-grouped,1
factorized,after-admission-metadata,1
factorized,after-publication-metadata,1
factorized,forged-metadata,1
factorized,challenge-before-commit,1
factorized,admit-before-challenge,1
factorized,stale-marker,1
target,unadmitted-all-flushed,1
target,wrong-marker,1
target,after-admission-r,1
target,after-publication-r,1
target,after-admission-s,1
target,after-publication-s,1
target,after-admission-selection,1
target,after-publication-selection,1
target,after-admission-joined,1
target,after-publication-joined,1
target,after-admission-grouped,1
target,after-publication-grouped,1
target,after-admission-metadata,1
target,after-publication-metadata,1
target,forged-metadata,1
target,challenge-before-commit,1
target,admit-before-challenge,1
target,stale-marker,1
factorized,fallback-cut-0,1
factorized,fallback-cut-1,1
factorized,fallback-cut-2,1
factorized,fallback-cut-3,1
factorized,fallback-cut-4,1
factorized,repeat-seed-bytes,1
factorized,equivalent-fallback-bytes,1
factorized,repeat-seed-str,1
factorized,equivalent-fallback-str,1
