kind,case,degree,rounds,field,assignments,undetected,detected,bound_numerator,bound_denominator,residual_nonzero,fingerprint_zero,collision_constructed
exact_grid,grouped,1,1,17,17,1,16,1,17,1,1,0
exact_grid,base_or_selection,2,1,17,289,33,256,2,17,1,1,0
exact_grid,joined,3,1,17,4913,817,4096,3,17,1,1,0
adaptive_collision,0,3,1,101,1,1,0,3,101,1,1,1
adaptive_collision,1,3,1,101,1,1,0,3,101,1,1,1
adaptive_collision,2,3,1,101,1,1,0,3,101,1,1,1
adaptive_collision,3,3,1,101,1,1,0,3,101,1,1,1
adaptive_collision,4,3,1,101,1,1,0,3,101,1,1,1
adaptive_collision,5,3,1,101,1,1,0,3,101,1,1,1
adaptive_collision,6,3,1,101,1,1,0,3,101,1,1,1
adaptive_collision,7,3,1,101,1,1,0,3,101,1,1,1
adaptive_collision,8,3,1,101,1,1,0,3,101,1,1,1
adaptive_collision,9,3,1,101,1,1,0,3,101,1,1,1
adaptive_collision,10,3,1,101,1,1,0,3,101,1,1,1
adaptive_collision,11,3,1,101,1,1,0,3,101,1,1,1
adaptive_collision,12,3,1,101,1,1,0,3,101,1,1,1
adaptive_collision,13,3,1,101,1,1,0,3,101,1,1,1
adaptive_collision,14,3,1,101,1,1,0,3,101,1,1,1
adaptive_collision,15,3,1,101,1,1,0,3,101,1,1,1
adaptive_collision,16,3,1,101,1,1,0,3,101,1,1,1
adaptive_collision,17,3,1,101,1,1,0,3,101,1,1,1
adaptive_collision,18,3,1,101,1,1,0,3,101,1,1,1
adaptive_collision,19,3,1,101,1,1,0,3,101,1,1,1
adaptive_collision,20,3,1,101,1,1,0,3,101,1,1,1
adaptive_collision,21,3,1,101,1,1,0,3,101,1,1,1
adaptive_collision,22,3,1,101,1,1,0,3,101,1,1,1
adaptive_collision,23,3,1,101,1,1,0,3,101,1,1,1
adaptive_collision,24,3,1,101,1,1,0,3,101,1,1,1
adaptive_collision,25,3,1,101,1,1,0,3,101,1,1,1
adaptive_collision,26,3,1,101,1,1,0,3,101,1,1,1
adaptive_collision,27,3,1,101,1,1,0,3,101,1,1,1
adaptive_collision,28,3,1,101,1,1,0,3,101,1,1,1
adaptive_collision,29,3,1,101,1,1,0,3,101,1,1,1
adaptive_collision,30,3,1,101,1,1,0,3,101,1,1,1
adaptive_collision,31,3,1,101,1,1,0,3,101,1,1,1
