n,h,pattern,repetition,producer_ns,replay_ns,checker_ns,replay_checker_ns,structural_checker_ns,factorized_checker_ns,structural_ok,factorized_ok,factorized_expected_join_pairs,factorized_authority_rows,factorized_candidate_rows,factorized_distinct_keys,target_only_aggregation_visits,target_only_payload_visits,producer_aggregation_visits,replay_aggregation_visits,cold_aggregation_visits,checked_replay_aggregation_visits,checker_validation_visits,cold_payload_visits,checked_replay_payload_visits,producer_join_pairs,replay_join_pairs,r_support,s_support,join_support,all_views_ok
16,0,aligned,0,21513,5689,67331,32799,26029,45117,1,1,0,0,0,0,0,32,0,0,0,0,32,32,32,0,0,0,0,0,1
16,0,aligned,1,18477,5578,62323,31317,20761,34912,1,1,0,0,0,0,0,32,0,0,0,0,32,32,32,0,0,0,0,0,1
16,0,aligned,2,14051,4757,49985,29785,19359,29364,1,1,0,0,0,0,0,32,0,0,0,0,32,32,32,0,0,0,0,0,1
16,0,aligned,3,12288,3925,46639,29074,18818,27762,1,1,0,0,0,0,0,32,0,0,0,0,32,32,32,0,0,0,0,0,1
16,0,aligned,4,12499,4256,46210,28492,18167,27141,1,1,0,0,0,0,0,32,0,0,0,0,32,32,32,0,0,0,0,0,1
16,0,ahead,0,167261,5728,342372,36845,21963,37626,1,1,0,0,0,0,32,64,32,0,64,0,32,96,32,6,0,0,0,0,1
16,0,ahead,1,117827,5959,135002,79218,22224,33861,1,1,0,0,0,0,32,64,32,0,64,0,32,96,32,6,0,0,0,0,1
16,0,ahead,2,112708,5828,133530,30415,20150,30625,1,1,0,0,0,0,32,64,32,0,64,0,32,96,32,6,0,0,0,0,1
16,0,ahead,3,108182,5068,123204,34531,20000,100501,1,1,0,0,0,0,32,64,32,0,64,0,32,96,32,6,0,0,0,0,1
16,0,ahead,4,144987,5919,146078,30396,20801,33510,1,1,0,0,0,0,32,64,32,0,64,0,32,96,32,6,0,0,0,0,1
16,0,holes,0,89354,4487,111927,30045,20281,30475,1,1,0,0,0,0,28,60,28,0,56,0,32,88,32,3,0,0,0,0,1
16,0,holes,1,87872,4697,108222,29935,19519,136304,1,1,0,0,0,0,28,60,28,0,56,0,32,88,32,3,0,0,0,0,1
16,0,holes,2,97636,5338,128652,30736,20551,30906,1,1,0,0,0,0,28,60,28,0,56,0,32,88,32,3,0,0,0,0,1
16,0,holes,3,91527,4677,107711,28783,19198,28994,1,1,0,0,0,0,28,60,28,0,56,0,32,88,32,3,0,0,0,0,1
16,0,holes,4,85919,4367,141702,58037,20631,33110,1,1,0,0,0,0,28,60,28,0,56,0,32,88,32,3,0,0,0,0,1
16,0,striped,0,77196,4967,115353,30275,19800,30456,1,1,0,0,0,0,16,48,16,0,32,0,32,64,32,6,0,0,0,0,1
16,0,striped,1,75392,4807,102904,30125,19339,29525,1,1,0,0,0,0,16,48,16,0,32,0,32,64,32,6,0,0,0,0,1
16,0,striped,2,71908,4537,132358,35053,19890,30455,1,1,0,0,0,0,16,48,16,0,32,0,32,64,32,6,0,0,0,0,1
16,0,striped,3,76044,5017,184146,34631,21241,34071,1,1,0,0,0,0,16,48,16,0,32,0,32,64,32,6,0,0,0,0,1
16,0,striped,4,80110,5288,104887,96234,20911,33460,1,1,0,0,0,0,16,48,16,0,32,0,32,64,32,6,0,0,0,0,1
16,8,aligned,0,43285,27632,131036,67551,42503,490844,1,1,0,16,17,7,16,48,0,16,32,32,32,64,64,0,3,4,8,3,1
16,8,aligned,1,54992,32518,159679,71788,44276,382723,1,1,0,16,17,7,16,48,0,16,32,32,32,64,64,0,3,4,8,3,1
16,8,aligned,2,49014,32388,192779,77356,43796,805595,1,1,0,16,17,7,16,48,0,16,32,32,32,64,64,0,3,4,8,3,1
16,8,aligned,3,58558,34312,167130,71868,44446,608681,1,1,0,16,17,7,16,48,0,16,32,32,32,64,64,0,3,4,8,3,1
16,8,aligned,4,54421,32088,159428,70695,43715,493929,1,1,0,16,17,7,16,48,0,16,32,32,32,64,64,0,3,4,8,3,1
16,8,ahead,0,111767,29584,171587,69564,44297,747649,1,1,0,16,17,7,32,64,16,16,64,32,32,96,64,12,3,4,8,3,1
16,8,ahead,1,125928,31857,203073,284986,51968,441841,1,1,0,16,17,7,32,64,16,16,64,32,32,96,64,12,3,4,8,3,1
16,8,ahead,2,122383,30286,216414,70665,43906,400068,1,1,0,16,17,7,32,64,16,16,64,32,32,96,64,12,3,4,8,3,1
16,8,ahead,3,115372,29404,201231,72208,44046,378056,1,1,0,16,17,7,32,64,16,16,64,32,32,96,64,12,3,4,8,3,1
16,8,ahead,4,109975,29454,170716,110275,44727,380880,1,1,0,16,17,7,32,64,16,16,64,32,32,96,64,12,3,4,8,3,1
16,8,holes,0,88883,28613,196655,69594,42012,449943,1,1,0,16,17,7,28,60,12,16,56,32,32,88,64,8,3,4,8,3,1
16,8,holes,1,97075,29984,201972,73560,43956,378336,1,1,0,16,17,7,28,60,12,16,56,32,32,88,64,8,3,4,8,3,1
16,8,holes,2,91437,29014,157816,95593,42844,371576,1,1,0,16,17,7,28,60,12,16,56,32,32,88,64,8,3,4,8,3,1
16,8,holes,3,89454,28623,153680,67501,40952,410173,1,1,0,16,17,7,28,60,12,16,56,32,32,88,64,8,3,4,8,3,1
16,8,holes,4,88753,28392,160600,67741,40361,390083,1,1,0,16,17,7,28,60,12,16,56,32,32,88,64,8,3,4,8,3,1
16,8,striped,0,88453,27180,159939,87761,43926,553829,1,1,0,16,17,7,32,64,16,16,48,32,32,80,64,7,3,4,8,3,1
16,8,striped,1,213479,31137,173209,104656,46549,520809,1,1,0,16,17,7,32,64,16,16,48,32,32,80,64,7,3,4,8,3,1
16,8,striped,2,99599,30565,168321,111336,70145,382022,1,1,0,16,17,7,32,64,16,16,48,32,32,80,64,7,3,4,8,3,1
16,8,striped,3,95393,29545,156584,68863,63515,373829,1,1,0,16,17,7,32,64,16,16,48,32,32,80,64,7,3,4,8,3,1
16,8,striped,4,95473,30175,239499,69935,43175,385597,1,1,0,16,17,7,32,64,16,16,48,32,32,80,64,7,3,4,8,3,1
16,16,aligned,0,67120,49494,454870,102373,59870,609462,1,1,0,32,33,7,32,64,0,32,64,64,32,96,96,0,6,9,12,6,1
16,16,aligned,1,94381,53550,209183,99129,56334,595732,1,1,0,32,33,7,32,64,0,32,64,64,32,96,96,0,6,9,12,6,1
16,16,aligned,2,139589,53350,280110,103865,85277,576552,1,1,0,32,33,7,32,64,0,32,64,64,32,96,96,0,6,9,12,6,1
16,16,aligned,3,71697,52588,228302,104696,55794,572016,1,1,0,32,33,7,32,64,0,32,64,64,32,96,96,0,6,9,12,6,1
16,16,aligned,4,67971,51507,247580,103405,56064,582252,1,1,0,32,33,7,32,64,0,32,64,64,32,96,96,0,6,9,12,6,1
16,16,ahead,0,64777,48072,186889,225948,58517,615010,1,1,0,32,33,7,32,64,0,32,64,64,32,96,96,0,6,9,12,6,1
16,16,ahead,1,71817,53040,206319,121252,56004,564885,1,1,0,32,33,7,32,64,0,32,64,64,32,96,96,0,6,9,12,6,1
16,16,ahead,2,67861,51066,246329,104216,56074,565707,1,1,0,32,33,7,32,64,0,32,64,64,32,96,96,0,6,9,12,6,1
16,16,ahead,3,90055,51477,199769,95964,54682,672827,1,1,0,32,33,7,32,64,0,32,64,64,32,96,96,0,6,9,12,6,1
16,16,ahead,4,73370,52669,216003,98558,55553,581180,1,1,0,32,33,7,32,64,0,32,64,64,32,96,96,0,6,9,12,6,1
16,16,holes,0,72729,47652,180470,120170,99949,565285,1,1,0,32,33,7,36,68,4,32,64,64,32,96,96,3,6,9,12,6,1
16,16,holes,1,78537,51387,215263,98507,55964,667528,1,1,0,32,33,7,36,68,4,32,64,64,32,96,96,3,6,9,12,6,1
16,16,holes,2,83194,50987,203795,99800,57376,585186,1,1,0,32,33,7,36,68,4,32,64,64,32,96,96,3,6,9,12,6,1
16,16,holes,3,79389,49374,188512,100931,56805,604114,1,1,0,32,33,7,36,68,4,32,64,64,32,96,96,3,6,9,12,6,1
16,16,holes,4,78147,50495,190636,96004,54332,561991,1,1,0,32,33,7,36,68,4,32,64,64,32,96,96,3,6,9,12,6,1
16,16,striped,0,106379,78678,185448,97296,56635,590974,1,1,0,32,33,7,48,80,16,32,64,64,32,96,96,14,6,9,12,6,1
16,16,striped,1,107040,50235,188001,96385,55853,606447,1,1,0,32,33,7,48,80,16,32,64,64,32,96,96,14,6,9,12,6,1
16,16,striped,2,106319,49725,186249,103966,56374,824875,1,1,0,32,33,7,48,80,16,32,64,64,32,96,96,14,6,9,12,6,1
16,16,striped,3,114572,52829,239318,102353,58558,568450,1,1,0,32,33,7,48,80,16,32,64,64,32,96,96,14,6,9,12,6,1
16,16,striped,4,129343,53119,193410,98117,56244,609052,1,1,0,32,33,7,48,80,16,32,64,64,32,96,96,14,6,9,12,6,1
64,0,aligned,0,17606,5689,121923,82483,61312,98036,1,1,0,0,0,0,0,128,0,0,0,0,128,128,128,0,0,0,0,0,1
64,0,aligned,1,15233,5088,125788,81852,59358,77536,1,1,0,0,0,0,0,128,0,0,0,0,128,128,128,0,0,0,0,0,1
64,0,aligned,2,18147,5668,179519,83014,59769,74972,1,1,0,0,0,0,0,128,0,0,0,0,128,128,128,0,0,0,0,0,1
64,0,aligned,3,41863,6390,125037,83025,59709,70195,1,1,0,0,0,0,0,128,0,0,0,0,128,128,128,0,0,0,0,0,1
64,0,aligned,4,13781,4577,116234,81882,58587,68392,1,1,0,0,0,0,0,128,0,0,0,0,128,128,128,0,0,0,0,0,1
64,0,ahead,0,412337,5669,517775,107491,60771,75994,1,1,0,0,0,0,128,256,128,0,256,0,128,384,128,62,0,0,0,0,1
64,0,ahead,1,417024,6760,418356,83135,60200,75122,1,1,0,0,0,0,128,256,128,0,256,0,128,384,128,62,0,0,0,0,1
64,0,ahead,2,489352,7091,440229,83665,61202,75092,1,1,0,0,0,0,128,256,128,0,256,0,128,384,128,62,0,0,0,0,1
64,0,ahead,3,430334,6650,418206,82003,60270,72919,1,1,0,0,0,0,128,256,128,0,256,0,128,384,128,62,0,0,0,0,1
64,0,ahead,4,468901,6760,400499,83355,60471,82263,1,1,0,0,0,0,128,256,128,0,256,0,128,384,128,62,0,0,0,0,1
64,0,holes,0,426949,5959,460209,82494,61292,76675,1,1,0,0,0,0,124,252,124,0,248,0,128,376,128,70,0,0,0,0,1
64,0,holes,1,541590,6840,430314,82944,61192,75893,1,1,0,0,0,0,124,252,124,0,248,0,128,376,128,70,0,0,0,0,1
64,0,holes,2,643242,9224,429603,118658,61673,76014,1,1,0,0,0,0,124,252,124,0,248,0,128,376,128,70,0,0,0,0,1
64,0,holes,3,433269,6710,440830,83815,60110,74712,1,1,0,0,0,0,124,252,124,0,248,0,128,376,128,70,0,0,0,0,1
64,0,holes,4,426538,6230,506217,84547,60841,75433,1,1,0,0,0,0,124,252,124,0,248,0,128,376,128,70,0,0,0,0,1
64,0,striped,0,362873,6440,350955,82443,60390,73740,1,1,0,0,0,0,64,192,64,0,128,0,128,256,128,57,0,0,0,0,1
64,0,striped,1,322973,6319,340550,81893,59629,73740,1,1,0,0,0,0,64,192,64,0,128,0,128,256,128,57,0,0,0,0,1
64,0,striped,2,322222,6099,339287,82043,59910,72028,1,1,0,0,0,0,64,192,64,0,128,0,128,256,128,57,0,0,0,0,1
64,0,striped,3,464244,7761,363304,84316,60681,75353,1,1,0,0,0,0,64,192,64,0,128,0,128,256,128,57,0,0,0,0,1
64,0,striped,4,379057,7011,352598,83736,60540,73950,1,1,0,0,0,0,64,192,64,0,128,0,128,256,128,57,0,0,0,0,1
64,32,aligned,0,137566,120581,807058,356894,178147,1078874,1,1,0,64,94,8,64,192,0,64,128,128,128,256,256,0,42,22,14,42,1
64,32,aligned,1,154020,119519,522432,258857,145779,1031854,1,1,0,64,94,8,64,192,0,64,128,128,128,256,256,0,42,22,14,42,1
64,32,aligned,2,142242,132398,491375,255192,183755,1233275,1,1,0,64,94,8,64,192,0,64,128,128,128,256,256,0,42,22,14,42,1
64,32,aligned,3,148222,121462,520970,258877,146089,1127678,1,1,0,64,94,8,64,192,0,64,128,128,128,256,256,0,42,22,14,42,1
64,32,aligned,4,165718,118588,502261,262353,144907,1026976,1,1,0,64,94,8,64,192,0,64,128,128,128,256,256,0,42,22,14,42,1
64,32,ahead,0,425277,114511,621189,259058,146239,1274697,1,1,0,64,94,8,128,256,64,64,256,128,128,384,256,98,42,22,14,42,1
64,32,ahead,1,433659,117726,613898,258637,145988,1051463,1,1,0,64,94,8,128,256,64,64,256,128,128,384,256,98,42,22,14,42,1
64,32,ahead,2,428531,115673,602962,341971,153580,1069950,1,1,0,64,94,8,128,256,64,64,256,128,128,384,256,98,42,22,14,42,1
64,32,ahead,3,431947,114742,613948,260640,147591,1043401,1,1,0,64,94,8,128,256,64,64,256,128,128,384,256,98,42,22,14,42,1
64,32,ahead,4,431235,115603,742170,579057,150455,1195288,1,1,0,64,94,8,128,256,64,64,256,128,128,384,256,98,42,22,14,42,1
64,32,holes,0,443283,115193,636663,258907,145278,1137753,1,1,0,64,94,8,124,252,60,64,248,128,128,376,256,106,42,22,14,42,1
64,32,holes,1,444225,117756,631095,257836,145338,1060898,1,1,0,64,94,8,124,252,60,64,248,128,128,376,256,106,42,22,14,42,1
64,32,holes,2,454520,115012,711024,264055,144867,1040887,1,1,0,64,94,8,124,252,60,64,248,128,128,376,256,106,42,22,14,42,1
64,32,holes,3,721890,119248,862821,487039,149694,1058364,1,1,0,64,94,8,124,252,60,64,248,128,128,376,256,106,42,22,14,42,1
64,32,holes,4,484254,115963,605977,263284,147771,1142199,1,1,0,64,94,8,124,252,60,64,248,128,128,376,256,106,42,22,14,42,1
64,32,striped,0,436533,113569,566367,256954,143946,1101458,1,1,0,64,94,8,128,256,64,64,192,128,128,320,256,139,42,22,14,42,1
64,32,striped,1,449814,114982,559527,260249,145118,1074397,1,1,0,64,94,8,128,256,64,64,192,128,128,320,256,139,42,22,14,42,1
64,32,striped,2,445035,114601,644525,263164,146048,1313966,1,1,0,64,94,8,128,256,64,64,192,128,128,320,256,139,42,22,14,42,1
64,32,striped,3,450594,116825,651475,330965,190515,1037332,1,1,0,64,94,8,128,256,64,64,192,128,128,320,256,139,42,22,14,42,1
64,32,striped,4,443824,118047,582922,264165,164265,1104353,1,1,0,64,94,8,128,256,64,64,192,128,128,320,256,139,42,22,14,42,1
64,64,aligned,0,218297,319398,739727,351285,189423,1544672,1,1,0,128,142,8,128,256,0,128,256,256,128,384,384,0,62,37,15,62,1
64,64,aligned,1,221752,222283,753768,358106,187511,1645552,1,1,0,128,142,8,128,256,0,128,256,256,128,384,384,0,62,37,15,62,1
64,64,aligned,2,517254,237034,831644,368622,190736,1608306,1,1,0,128,142,8,128,256,0,128,256,256,128,384,384,0,62,37,15,62,1
64,64,aligned,3,209494,228772,680889,373979,189874,1745432,1,1,0,128,142,8,128,256,0,128,256,256,128,384,384,0,62,37,15,62,1
64,64,aligned,4,464886,234251,860448,354840,187771,1595618,1,1,0,128,142,8,128,256,0,128,256,256,128,384,384,0,62,37,15,62,1
64,64,ahead,0,257716,204526,724855,444685,192888,1575026,1,1,0,128,142,8,128,256,0,128,256,256,128,384,384,0,62,37,15,62,1
64,64,ahead,1,207791,205678,731194,349413,207992,1756728,1,1,0,128,142,8,128,256,0,128,256,256,128,384,384,0,62,37,15,62,1
64,64,ahead,2,247460,208932,730654,513028,231887,1472814,1,1,0,128,142,8,128,256,0,128,256,256,128,384,384,0,62,37,15,62,1
64,64,ahead,3,207260,221742,751104,355923,188102,1479464,1,1,0,128,142,8,128,256,0,128,256,256,128,384,384,0,62,37,15,62,1
64,64,ahead,4,206128,205738,872405,413028,189413,1479143,1,1,0,128,142,8,128,256,0,128,256,256,128,384,384,0,62,37,15,62,1
64,64,holes,0,279478,204596,704634,351326,189604,1544872,1,1,0,128,142,8,132,260,4,128,256,256,128,384,384,8,62,37,15,62,1
64,64,holes,1,243354,204006,725686,605045,190305,1530180,1,1,0,128,142,8,132,260,4,128,256,256,128,384,384,8,62,37,15,62,1
64,64,holes,2,241190,203775,804103,421341,190305,1849928,1,1,0,128,142,8,132,260,4,128,256,256,128,384,384,8,62,37,15,62,1
64,64,holes,3,245057,204697,723282,397014,190095,1478372,1,1,0,128,142,8,132,260,4,128,256,256,128,384,384,8,62,37,15,62,1
64,64,holes,4,240440,202613,715841,348992,225437,1450781,1,1,0,128,142,8,132,260,4,128,256,256,128,384,384,8,62,37,15,62,1
64,64,striped,0,585987,288021,640117,383974,189184,1482629,1,1,0,128,142,8,192,320,64,128,256,256,128,384,384,179,62,37,15,62,1
64,64,striped,1,611745,233459,645676,429292,188993,1589768,1,1,0,128,142,8,192,320,64,128,256,256,128,384,384,179,62,37,15,62,1
64,64,striped,2,503653,217064,631945,397245,186730,1480586,1,1,0,128,142,8,192,320,64,128,256,256,128,384,384,179,62,37,15,62,1
64,64,striped,3,504114,202854,646818,364585,211306,1446485,1,1,0,128,142,8,192,320,64,128,256,256,128,384,384,179,62,37,15,62,1
64,64,striped,4,513659,202794,641129,430033,193990,1721235,1,1,0,128,142,8,192,320,64,128,256,256,128,384,384,179,62,37,15,62,1
256,0,aligned,0,22674,7071,478566,287090,282723,236033,1,1,0,0,0,0,0,512,0,0,0,0,512,512,512,0,0,0,0,0,1
256,0,aligned,1,17666,6270,527108,285887,218197,228442,1,1,0,0,0,0,0,512,0,0,0,0,512,512,512,0,0,0,0,0,1
256,0,aligned,2,15393,5589,707739,323093,221291,233389,1,1,0,0,0,0,0,512,0,0,0,0,512,512,512,0,0,0,0,0,1
256,0,aligned,3,16925,6050,393989,307300,216624,225828,1,1,0,0,0,0,0,512,0,0,0,0,512,512,512,0,0,0,0,0,1
256,0,aligned,4,14822,5468,404505,283164,219378,242523,1,1,0,0,0,0,0,512,0,0,0,0,512,512,512,0,0,0,0,0,1
256,0,ahead,0,2756815,8252,2632799,307089,282993,235042,1,1,0,0,0,0,512,1024,512,0,1024,0,512,1536,512,771,0,0,0,0,1
256,0,ahead,1,2707110,8132,2300582,324836,220730,233369,1,1,0,0,0,0,512,1024,512,0,1024,0,512,1536,512,771,0,0,0,0,1
256,0,ahead,2,2767281,8393,2365299,310995,219799,306779,1,1,0,0,0,0,512,1024,512,0,1024,0,512,1536,512,771,0,0,0,0,1
256,0,ahead,3,2714171,7802,2596545,297265,219819,266228,1,1,0,0,0,0,512,1024,512,0,1024,0,512,1536,512,771,0,0,0,0,1
256,0,ahead,4,2974841,9214,2389365,358176,253700,235232,1,1,0,0,0,0,512,1024,512,0,1024,0,512,1536,512,771,0,0,0,0,1
256,0,holes,0,2643375,8453,2156416,293399,238507,482241,1,1,0,0,0,0,508,1020,508,0,1016,0,512,1528,512,727,0,0,0,0,1
256,0,holes,1,2714212,9144,2626720,360850,220210,237826,1,1,0,0,0,0,508,1020,508,0,1016,0,512,1528,512,727,0,0,0,0,1
256,0,holes,2,2764256,8944,2479029,362722,222883,271166,1,1,0,0,0,0,508,1020,508,0,1016,0,512,1528,512,727,0,0,0,0,1
256,0,holes,3,2710125,8322,4310300,294340,221010,261852,1,1,0,0,0,0,508,1020,508,0,1016,0,512,1528,512,727,0,0,0,0,1
256,0,holes,4,3949750,11297,2259290,293549,237726,235021,1,1,0,0,0,0,508,1020,508,0,1016,0,512,1528,512,727,0,0,0,0,1
256,0,striped,0,2172901,7641,2020653,286419,330114,237145,1,1,0,0,0,0,256,768,256,0,512,0,512,1024,512,708,0,0,0,0,1
256,0,striped,1,2212761,7952,2038901,326358,221191,232618,1,1,0,0,0,0,256,768,256,0,512,0,512,1024,512,708,0,0,0,0,1
256,0,striped,2,2234944,11708,2121955,292088,219078,234821,1,1,0,0,0,0,256,768,256,0,512,0,512,1024,512,708,0,0,0,0,1
256,0,striped,3,2281894,8412,2029227,287230,219769,253189,1,1,0,0,0,0,256,768,256,0,512,0,512,1024,512,708,0,0,0,0,1
256,0,striped,4,2799198,10245,2060893,295021,233359,236223,1,1,0,0,0,0,256,768,256,0,512,0,512,1024,512,708,0,0,0,0,1
256,128,aligned,0,422442,465587,1741106,893597,585466,2953379,1,1,0,256,308,8,256,768,0,256,512,512,512,1024,1024,0,188,59,25,188,1
256,128,aligned,1,505076,469783,2054294,902050,487609,2760831,1,1,0,256,308,8,256,768,0,256,512,512,512,1024,1024,0,188,59,25,188,1
256,128,aligned,2,456302,450884,1806182,877163,507700,2884586,1,1,0,256,308,8,256,768,0,256,512,512,512,1024,1024,0,188,59,25,188,1
256,128,aligned,3,425717,548490,1762256,895029,566798,2872859,1,1,0,256,308,8,256,768,0,256,512,512,512,1024,1024,0,188,59,25,188,1
256,128,aligned,4,430053,469884,1656028,921859,511234,2528994,1,1,0,256,308,8,256,768,0,256,512,512,512,1024,1024,0,188,59,25,188,1
256,128,ahead,0,3217505,513208,3263714,1019365,534360,2774802,1,1,0,256,308,8,512,1024,256,256,1024,512,512,1536,1024,1108,188,59,25,188,1
256,128,ahead,1,3218096,451376,2854371,902350,488040,2574882,1,1,0,256,308,8,512,1024,256,256,1024,512,512,1536,1024,1108,188,59,25,188,1
256,128,ahead,2,3170854,555902,3846976,927378,508140,2651928,1,1,0,256,308,8,512,1024,256,256,1024,512,512,1536,1024,1108,188,59,25,188,1
256,128,ahead,3,3010564,450624,3290513,998123,527479,2916804,1,1,0,256,308,8,512,1024,256,256,1024,512,512,1536,1024,1108,188,59,25,188,1
256,128,ahead,4,2890735,444866,3250393,923441,487269,2631747,1,1,0,256,308,8,512,1024,256,256,1024,512,512,1536,1024,1108,188,59,25,188,1
256,128,holes,0,2784387,462743,2742152,1012185,680719,3496963,1,1,0,256,308,8,508,1020,252,256,1016,512,512,1528,1024,1057,188,59,25,188,1
256,128,holes,1,2854200,452938,3131095,974558,523143,3011436,1,1,0,256,308,8,508,1020,252,256,1016,512,512,1528,1024,1057,188,59,25,188,1
256,128,holes,2,2925727,451916,2869133,1002349,489913,2899458,1,1,0,256,308,8,508,1020,252,256,1016,512,512,1528,1024,1057,188,59,25,188,1
256,128,holes,3,2788742,464715,3156613,1024904,485847,2973389,1,1,0,256,308,8,508,1020,252,256,1016,512,512,1528,1024,1057,188,59,25,188,1
256,128,holes,4,2865247,465016,2885427,897323,505887,2565889,1,1,0,256,308,8,508,1020,252,256,1016,512,512,1528,1024,1057,188,59,25,188,1
256,128,striped,0,2932227,434220,2755332,898915,486498,2540371,1,1,0,256,308,8,512,1024,256,256,768,512,512,1280,1024,1227,188,59,25,188,1
256,128,striped,1,3113429,460900,2747351,890282,486658,2640561,1,1,0,256,308,8,512,1024,256,256,768,512,512,1280,1024,1227,188,59,25,188,1
256,128,striped,2,2923224,474880,2740389,1235479,616722,2650926,1,1,0,256,308,8,512,1024,256,256,768,512,512,1280,1024,1227,188,59,25,188,1
256,128,striped,3,2947711,450615,2692298,933897,551034,2644026,1,1,0,256,308,8,512,1024,256,256,768,512,512,1280,1024,1227,188,59,25,188,1
256,128,striped,4,3195481,456903,2801281,986276,549823,2519609,1,1,0,256,308,8,512,1024,256,256,768,512,512,1280,1024,1227,188,59,25,188,1
256,256,aligned,0,1711271,1275799,4162899,2146391,985284,5193561,1,1,0,512,983,8,512,1024,0,512,1024,1024,512,1536,1536,0,771,85,72,771,1
256,256,aligned,1,1386695,1441497,4315957,2171158,1005975,5420751,1,1,0,512,983,8,512,1024,0,512,1024,1024,512,1536,1536,0,771,85,72,771,1
256,256,aligned,2,1287557,1159475,4116749,2100032,979926,5431146,1,1,0,512,983,8,512,1024,0,512,1024,1024,512,1536,1536,0,771,85,72,771,1
256,256,aligned,3,1488127,1189861,4027015,2173341,1086486,5320420,1,1,0,512,983,8,512,1024,0,512,1024,1024,512,1536,1536,0,771,85,72,771,1
256,256,aligned,4,1262359,1189159,4060876,2091018,978544,5583865,1,1,0,512,983,8,512,1024,0,512,1024,1024,512,1536,1536,0,771,85,72,771,1
256,256,ahead,0,1577230,1165023,4129328,2096567,975960,5599037,1,1,0,512,983,8,512,1024,0,512,1024,1024,512,1536,1536,0,771,85,72,771,1
256,256,ahead,1,1340967,1181388,4059864,2498137,1002801,5372999,1,1,0,512,983,8,512,1024,0,512,1024,1024,512,1536,1536,0,771,85,72,771,1
256,256,ahead,2,1721866,1222780,4129659,2086943,979917,5176525,1,1,0,512,983,8,512,1024,0,512,1024,1024,512,1536,1536,0,771,85,72,771,1
256,256,ahead,3,1251142,1166786,4250640,2192441,1040346,5291828,1,1,0,512,983,8,512,1024,0,512,1024,1024,512,1536,1536,0,771,85,72,771,1
256,256,ahead,4,1545001,1174558,4456358,2116927,1354406,5767940,1,1,0,512,983,8,512,1024,0,512,1024,1024,512,1536,1536,0,771,85,72,771,1
256,256,holes,0,1368537,1160917,4083811,2132281,982721,5533720,1,1,0,512,983,8,516,1028,4,512,1024,1024,512,1536,1536,44,771,85,72,771,1
256,256,holes,1,1368708,1216481,4458431,2303516,1015679,5603444,1,1,0,512,983,8,516,1028,4,512,1024,1024,512,1536,1536,44,771,85,72,771,1
256,256,holes,2,1514607,1172605,4363048,2109326,982109,5209785,1,1,0,512,983,8,516,1028,4,512,1024,1024,512,1536,1536,44,771,85,72,771,1
256,256,holes,3,1307866,1149610,3981788,2110538,1108288,5240211,1,1,0,512,983,8,516,1028,4,512,1024,1024,512,1536,1536,44,771,85,72,771,1
256,256,holes,4,1611491,1195358,3976450,2334042,1017422,5303525,1,1,0,512,983,8,516,1028,4,512,1024,1024,512,1536,1536,44,771,85,72,771,1
256,256,striped,0,3401329,1157732,4211992,2103368,1276450,5351687,1,1,0,512,983,8,768,1280,256,512,1024,1024,512,1536,1536,1391,771,85,72,771,1
256,256,striped,1,3951993,1225594,4012574,2259330,989049,5250116,1,1,0,512,983,8,768,1280,256,512,1024,1024,512,1536,1536,1391,771,85,72,771,1
256,256,striped,2,4049319,1320516,4099594,2122746,991113,5187963,1,1,0,512,983,8,768,1280,256,512,1024,1024,512,1536,1536,1391,771,85,72,771,1
256,256,striped,3,3402190,1293105,4013585,2327683,1071733,5469694,1,1,0,512,983,8,768,1280,256,512,1024,1024,512,1536,1536,1391,771,85,72,771,1
256,256,striped,4,3515891,1180406,3913555,2325209,1009731,5454442,1,1,0,512,983,8,768,1280,256,512,1024,1024,512,1536,1536,1391,771,85,72,771,1
